"age","female","highest","marital","hincome"
88,0,7,0,5880
82,1,8,0,12000
71,0,11,0,32000
76,0,14,1,16000
92,1,3,0,10200
87,1,17,0,18000
71,0,12,1,36000
74,0,12,0,8400
91,0,12,1,13200
81,0,12,1,17004
68,0,6,1,35000
90,1,3,0,6096
78,1,10,0,6948
89,1,18,0,9000
77,0,11,1,12200
76,0,6,0,7200
76,1,16,0,32000
84,0,11,0,13284
84,0,18,1,40000
71,1,8,1,8172
82,1,12,1,30000
74,1,18,0,21000
82,0,17,1,250000
85,1,9,0,10000
90,1,8,0,8964
82,1,13,0,6300
81,1,11,0,9768
87,1,9,0,9960
80,0,12,1,32000
79,1,18,0,6120
76,0,16,1,50000
89,1,7,0,5820
85,0,12,1,11700
87,0,8,1,12460
76,1,13,1,6600
86,1,13,0,27000
70,1,13,1,36000
72,1,10,1,27000
91,1,15,0,4000
72,1,12,1,18000
86,1,15,0,20568
80,1,14,1,18508
83,0,10,1,19000
75,1,18,1,32000
85,0,14,1,50000
71,1,12,1,30000
79,0,8,1,50000
80,1,12,1,11000
85,1,10,0,7524
89,1,8,0,4000
87,1,12,0,6500
75,1,8,1,12219
85,1,12,0,16560
85,1,9,0,24000
70,1,8,1,12024
85,1,12,0,12420
90,0,8,1,8400
88,0,16,1,50000
65,0,13,0,9360
87,1,15,1,11000
65,1,12,1,25000
76,0,12,1,35000
93,0,6,0,14400
85,1,12,0,8400
82,1,12,0,25000
72,1,14,1,14736
74,0,14,1,36000
84,0,8,1,19000
84,0,6,0,8400
85,0,18,1,70000
72,0,6,1,8400
69,1,12,1,9600
87,1,11,0,6936
92,0,14,1,11000
81,1,14,1,11000
84,1,18,1,45000
71,0,6,1,14052
78,1,12,0,18000
73,0,12,1,9000
71,1,16,1,40000
80,1,6,0,14244
75,0,14,1,24272
82,0,2,1,8880
74,1,12,0,9000
71,1,12,1,9120
76,0,12,1,31200
91,1,12,0,7512
89,1,18,0,39000
95,1,3,0,5880
80,1,1,0,5904
77,1,12,0,12432
86,1,9,0,7000
84,1,12,1,26400
75,1,12,1,14544
66,0,9,1,21600
74,0,6,0,7380
76,0,3,1,10800
65,0,8,1,19000
74,1,8,0,4000
71,0,8,0,4000
70,1,13,1,43200
72,1,12,1,30000
73,1,16,1,21600
90,1,8,0,7200
92,1,8,0,5880
77,1,12,0,13620
93,1,14,1,26500
67,0,18,1,40000
76,0,8,1,14256
73,1,10,1,18600
66,0,16,1,19000
84,1,5,0,4920
81,0,4,1,18000
88,1,14,0,6888
72,1,12,1,18000
72,0,12,1,24000
70,0,13,1,40000
88,1,10,0,9120
84,1,12,0,11748
92,1,9,0,7080
82,1,8,0,19500
83,0,10,1,21600
85,1,12,0,6840
88,1,9,0,7680
81,1,8,0,7800
85,0,12,1,21600
81,1,12,1,17000
82,1,8,0,7740
87,1,10,0,6000
82,1,12,0,8000
65,1,14,0,21600
76,1,12,0,18000
94,0,16,1,14400
85,0,12,1,32000
80,0,18,0,26000
77,1,12,0,12000
70,0,12,1,30000
75,0,5,1,15000
70,0,9,0,8076
69,0,3,0,5652
85,0,8,1,9600
81,0,6,1,5244
67,1,1,0,4872
72,0,14,0,16200
76,1,11,1,13608
75,1,1,1,19200
70,0,10,0,5040
70,1,7,1,24981
74,1,12,1,35000
81,0,18,1,31000
90,1,3,0,7440
80,0,7,0,8400
71,0,10,1,25000
89,1,8,0,8040
85,0,8,0,14400
72,1,8,0,7740
84,1,10,0,13200
83,1,8,1,12000
70,0,13,1,30000
83,1,8,0,7344
73,1,18,0,43000
73,1,2,0,7200
72,0,16,1,24000
85,1,12,0,6000
82,0,12,1,21664
70,1,12,1,40000
86,1,18,0,30000
78,1,13,0,30000
92,1,9,0,8400
70,1,3,1,14000
88,0,18,1,35000
85,1,12,0,15000
75,1,12,1,39000
78,0,8,1,13836
84,0,10,1,11280
81,0,2,1,12492
84,1,1,0,7200
71,1,9,1,9312
70,1,12,0,19000
70,1,11,0,8400
92,1,14,0,16560
79,0,12,1,55000
71,1,4,0,11568
71,1,12,1,18000
75,1,4,0,13752
85,1,12,1,18780
87,1,12,0,8160
70,1,12,1,40000
75,1,12,0,14000
83,1,3,0,4000
92,1,12,0,5736
78,0,14,1,28778
83,0,1,0,4000
87,1,8,0,4000
84,1,8,1,29770
81,1,9,0,4224
84,1,12,1,18952
66,0,7,0,13000
74,1,15,0,4000
98,1,8,0,6936
73,1,12,1,30000
84,0,12,1,9120
99,1,12,0,15000
84,1,7,0,9888
76,1,12,1,24000
75,1,12,1,13470
90,1,5,0,10920
81,1,12,0,10847
85,1,7,0,5112
85,1,6,0,8400
81,1,10,0,6180
65,0,3,1,9768
75,0,7,1,9960
76,1,14,0,14400
75,1,12,1,33000
90,1,9,0,7619
84,1,12,1,10728
76,0,5,1,12000
78,1,12,1,22000
70,0,12,1,13200
81,1,9,0,6312
74,0,7,1,9516
81,1,10,0,6432
70,0,14,1,65380
87,1,10,0,24000
81,1,12,1,36000
68,0,16,0,12000
82,0,18,1,145690
71,1,12,0,6840
70,1,8,0,10000
87,0,15,1,80000
72,1,12,1,21000
70,1,10,1,32000
83,1,12,1,36000
78,0,2,0,15000
90,1,16,0,4000
82,0,12,1,90000
71,1,17,0,15000
82,1,12,0,9444
76,0,16,1,40000
74,0,12,1,24000
72,1,13,0,9480
70,0,12,0,15600
76,1,8,0,9048
91,0,6,1,12000
71,0,4,1,9876
69,1,11,0,14000
84,1,11,0,8160
89,0,12,0,9120
71,0,16,1,50000
71,0,4,1,14000
73,0,15,1,33000
80,0,8,1,19200
82,0,4,1,24000
81,0,16,1,13200
76,1,5,1,6000
82,1,1,0,5820
87,1,10,1,20280
84,1,12,0,12000
71,1,12,1,12000
89,0,7,0,10080
87,1,8,0,8400
69,0,9,1,11400
70,0,11,1,24000
79,1,12,0,10440
67,0,7,1,25000
70,0,10,0,15000
81,1,8,1,9792
84,1,18,0,28500
69,1,12,1,21600
97,0,12,0,9228
80,1,12,0,10944
85,1,9,0,7764
79,0,8,0,16320
89,0,18,1,60000
72,1,14,1,5520
79,1,12,1,15720
92,1,12,0,11400
91,1,12,0,12300
92,1,5,0,5976
74,0,14,1,120000
79,0,3,0,9216
69,1,6,1,20000
79,0,12,0,40000
76,0,12,1,20000
72,0,12,0,17000
92,0,11,1,20000
79,0,10,0,9000
74,1,16,0,75000
80,1,11,1,9900
75,1,12,0,30000
91,0,3,1,4000
85,0,6,0,7620
91,1,8,0,4000
70,0,5,1,10000
89,0,3,0,6480
81,1,11,0,26880
92,0,17,0,9840
85,0,12,1,8304
89,0,8,0,10000
72,0,16,1,42500
83,0,5,1,12480
77,0,12,0,13080
73,1,8,0,4000
86,0,14,0,48000
86,1,12,0,10212
76,0,14,1,21600
76,1,12,1,34692
72,0,18,1,21600
87,0,10,1,27000
68,1,5,0,6300
81,0,12,1,10027
71,1,12,0,11889
78,1,8,0,11000
71,0,7,1,9420
74,1,15,1,17043
72,0,18,1,24000
87,0,10,1,8400
90,0,5,1,12000
76,0,7,1,42000
70,1,7,1,17700
87,0,12,1,40000
74,1,10,0,17232
89,1,9,0,5640
77,0,4,1,29000
86,1,13,0,4800
76,1,8,0,9912
79,0,12,1,22000
71,0,8,1,21000
84,1,12,0,18000
77,0,6,1,17400
89,1,12,0,12744
76,0,8,1,23000
93,1,8,0,6240
84,0,3,0,10800
85,0,16,1,45000
78,1,12,0,9000
86,1,6,0,5760
82,0,12,1,12000
70,1,12,1,90000
74,0,9,0,19000
78,1,12,0,13000
74,1,12,0,9600
91,0,5,1,16800
90,0,18,1,26016
91,0,8,1,37800
86,1,8,0,30000
84,1,9,0,6468
72,1,10,0,14049
89,0,9,1,13440
85,1,8,1,21826
85,1,6,0,9660
80,1,14,1,10140
86,1,12,0,14400
85,1,9,0,5880
83,1,8,0,10000
70,1,11,1,20000
75,0,12,1,28000
72,1,10,1,11256
72,0,3,0,5520
77,1,8,0,5640
83,1,17,0,24000
76,1,7,0,5760
69,1,12,1,11448
90,1,12,0,13200
70,1,12,0,9456
68,0,12,0,10200
85,1,6,0,6876
87,1,12,1,21600
81,0,14,1,29600
77,1,9,0,5304
67,1,1,1,4000
85,0,12,1,16200
88,1,9,0,5880
70,0,8,0,15600
66,0,6,0,6336
70,0,11,1,24000
86,0,18,1,21600
77,1,12,0,5688
86,0,11,0,14400
90,1,18,0,8400
88,1,12,0,10800
79,1,10,1,21600
79,0,12,1,18000
84,0,14,1,35000
98,1,9,0,168000
71,1,12,0,13200
73,0,12,0,8735
92,1,16,0,26500
79,1,12,1,9024
85,0,3,1,4000
65,0,15,1,11100
70,0,12,1,37000
90,1,13,0,18000
85,1,12,0,13200
89,0,8,1,30000
92,0,5,0,4620
80,1,13,1,24000
87,1,9,0,9384
85,1,8,0,14400
86,1,15,0,20400
74,0,10,1,21000
92,1,8,1,4000
83,0,8,1,11208
77,0,4,1,6000
90,1,6,0,6372
81,0,12,1,4000
80,1,12,0,27000
91,0,4,0,17280
79,1,12,0,8472
87,0,12,0,6840
72,1,13,0,8000
67,1,12,0,8544
86,1,18,0,5866
73,0,8,1,10800
75,1,9,1,100000
77,0,16,1,50000
80,1,8,0,6684
76,1,12,0,30000
80,0,11,0,21600
83,1,18,0,5866
69,0,12,1,9900
76,1,1,0,6252
92,1,7,0,8000
71,0,16,0,35000
81,1,10,0,8208
83,1,10,0,11568
66,0,8,0,7200
78,1,17,0,24000
68,1,12,0,4000
82,1,15,0,30000
72,0,12,1,45000
73,0,12,1,23000
72,0,7,0,9660
84,0,16,1,28800
78,1,10,0,8400
74,0,12,1,30000
75,0,13,1,11640
73,0,7,1,12600
87,1,15,0,13500
71,1,7,0,7200
81,1,12,0,20000
83,1,8,0,8400
84,0,2,0,19577
76,1,12,0,14000
86,1,7,1,8436
91,1,12,0,30000
70,1,8,0,7596
87,1,12,0,8400
93,1,14,0,9411
74,1,13,1,4000
65,1,9,0,6240
77,0,12,1,19500
67,0,3,0,5868
80,1,12,1,14400
77,1,12,1,4200
83,0,8,1,4000
72,1,10,1,9432
81,1,7,0,6000
76,1,8,0,13536
85,0,8,0,11520
83,0,8,1,25000
94,1,6,0,6000
87,1,9,0,6360
81,1,16,0,17484
84,1,14,0,6096
88,1,18,0,24000
73,0,18,1,85000
73,0,4,1,7080
79,1,16,0,6132
78,1,12,0,10444
86,1,8,1,9972
71,1,6,0,5376
79,1,12,0,12288
87,1,15,0,34000
80,1,8,0,13000
85,0,12,1,48000
91,1,12,0,23000
87,1,12,0,6600
84,1,12,0,6036
87,1,12,0,13200
85,0,18,1,80000
75,1,12,1,25000
89,1,15,0,10800
90,0,10,0,19200
78,1,12,1,18000
85,0,12,1,12000
82,1,8,0,6684
85,1,10,0,5000
76,1,12,0,7373
78,0,16,0,24000
81,0,12,1,5520
92,1,12,0,40000
70,1,12,1,36000
86,1,6,1,6060
77,0,13,1,90000
69,1,17,1,39000
79,1,13,1,26400
71,1,16,1,35000
78,0,14,0,21826
72,1,11,1,9024
74,1,13,0,9600
74,1,18,0,105000
72,1,3,0,5880
80,1,8,0,8304
72,1,1,0,9060
87,1,4,1,4000
74,1,17,1,90000
78,1,8,0,15600
73,0,13,1,21264
80,1,12,0,13200
73,1,12,1,25000
73,0,16,1,58000
70,1,12,1,11448
74,0,12,1,30000
83,1,8,0,19200
72,1,12,0,7116
94,1,12,0,7728
86,0,12,0,22368
88,1,11,0,8700
69,0,12,0,5880
84,1,12,1,9084
71,0,8,1,11718
93,1,3,0,5118
80,1,12,0,9000
78,1,8,1,18000
73,0,9,1,17000
73,1,12,0,11000
85,1,5,0,5700
92,1,12,0,7836
79,1,12,0,7944
89,1,10,0,24000
85,1,5,1,10500
76,1,10,0,10080
80,1,10,1,14400
98,1,8,0,7572
86,1,1,0,5880
72,1,12,0,8100
76,1,11,0,10000
91,1,10,0,7740
85,1,10,0,8688
70,0,10,0,24000
89,1,11,0,7500
87,1,12,0,14400
84,1,8,0,4872
94,1,9,0,10800
90,1,5,0,24000
75,1,10,0,11000
83,1,7,0,6000
82,1,10,1,9500
76,1,12,1,4372
70,0,17,1,25200
72,1,12,0,10620
86,1,9,0,15000
83,1,6,1,8400
90,1,4,0,4000
97,1,12,0,8016
89,1,8,0,4000
82,0,11,1,12000
93,1,14,0,23000
82,0,16,1,16104
70,0,12,1,23017
87,0,14,1,45000
81,0,18,1,27000
79,1,12,0,10332
90,1,12,0,24000
87,1,18,0,17280
81,1,5,1,14400
90,0,5,0,4000
71,1,10,1,10000
71,1,12,0,6000
94,1,12,0,18000
73,1,10,1,18432
73,0,8,1,22000
72,1,11,0,7788
73,1,14,1,27600
66,0,12,1,38000
85,1,12,0,10788
70,0,12,1,18000
87,1,17,0,25000
81,1,12,0,16800
83,1,8,0,11120
70,1,12,1,23000
72,1,15,0,18000
81,1,9,0,6204
70,1,12,1,26000
81,1,1,0,6072
75,1,12,1,14000
86,1,12,0,6012
83,0,13,1,50000
84,1,12,0,20000
73,1,10,0,8400
71,1,4,1,8712
65,0,10,1,36000
80,1,12,1,24200
95,1,12,0,10200
73,1,12,0,14400
75,1,12,1,53000
79,1,12,1,14808
85,0,12,1,36000
76,1,14,1,26520
72,1,12,1,10800
88,1,10,0,5760
73,1,12,0,6840
87,1,10,0,14400
77,1,7,0,12000
90,1,9,0,4000
81,1,9,0,6360
89,1,18,0,36000
70,0,14,1,14000
89,1,15,0,20052
85,1,8,0,6876
70,1,9,1,24000
87,1,9,0,12000
97,1,12,0,6996
71,0,13,1,36000
69,0,14,1,51000
82,1,18,0,13500
71,1,12,1,18000
77,0,14,1,174000
72,1,12,1,150000
66,0,13,1,32400
80,0,10,1,20000
83,1,16,0,5676
83,1,8,0,5364
74,1,11,1,15600
85,1,16,0,20400
88,0,12,1,25008
74,0,16,1,20000
74,1,12,0,30000
78,0,17,1,30000
83,1,15,0,28555
90,1,8,0,10788
74,1,9,0,5400
84,0,8,1,21600
70,1,1,0,7596
83,1,16,1,20400
80,0,13,1,14697
72,1,11,1,21600
88,1,12,1,100000
81,0,14,0,30000
70,0,9,0,10000
81,1,8,0,6600
82,1,11,0,27880
77,1,17,0,33000
76,0,12,1,30000
89,0,15,1,11000
74,1,12,0,10116
78,0,12,1,18000
77,1,12,0,11000
72,1,12,1,18000
84,1,12,0,6456
74,0,16,0,27000
65,1,14,1,30000
84,1,12,0,6072
73,1,12,1,32615
73,1,12,1,24000
84,1,14,1,48000
70,0,15,1,24000
71,0,18,0,25000
102,1,8,0,4800
90,1,8,1,13440
81,1,12,1,24000
70,1,12,1,46000
85,0,6,1,16800
87,1,8,0,6660
92,0,5,0,9768
71,1,11,1,19164
75,1,8,0,10200
85,1,8,1,13140
78,0,16,1,66240
85,1,9,1,6178
74,1,12,1,14000
69,0,9,1,26400
84,0,8,1,15700
73,1,13,0,16000
82,1,8,0,19920
77,1,10,0,9984
80,1,13,0,8400
73,1,11,0,10000
84,1,11,0,9216
79,0,8,1,18000
70,0,14,0,9552
86,1,8,1,13452
87,1,9,0,9240
91,1,7,0,5700
66,0,10,0,33000
70,0,12,1,21018
72,1,11,0,10800
71,1,8,0,8028
74,1,12,1,18500
90,0,5,0,6600
84,0,7,0,16000
75,1,12,0,16800
87,0,8,0,7813
71,0,12,1,4000
70,0,9,1,9600
71,0,15,1,25000
74,1,12,0,10128
72,0,16,1,24000
70,1,16,0,9300
82,0,12,1,17400
74,1,13,0,12000
78,0,12,1,18000
76,1,12,1,24000
75,1,16,1,21600
83,1,9,0,5820
80,1,11,0,6000
86,1,9,0,5760
86,0,5,0,13200
87,0,8,1,11784
91,1,1,0,7000
95,1,2,0,18180
84,1,8,1,11000
78,0,8,0,5772
75,0,11,1,17400
85,1,4,0,5640
79,0,17,1,30000
76,0,12,0,8556
93,1,16,0,10000
79,1,17,0,31000
72,1,11,1,8652
85,1,12,0,18000
99,1,10,0,12000
70,1,12,1,12600
79,0,16,1,14000
71,0,14,1,70000
67,1,9,0,5654
82,0,1,1,10800
86,1,12,0,8400
77,1,8,1,12000
100,0,5,0,8160
89,1,8,0,7800
83,0,7,1,10320
88,0,8,1,6500
93,0,9,0,10951
90,0,12,1,18511
94,1,1,0,5976
72,1,12,0,24000
68,1,14,1,12000
79,0,12,0,12000
85,1,14,0,16800
75,1,2,0,45000
77,1,12,0,6769
86,1,12,0,11700
95,1,6,0,6900
79,1,5,0,5118
76,1,3,0,8460
70,0,16,0,90000
77,0,18,1,660000
81,1,8,0,9300
78,0,7,1,18000
75,1,12,0,9228
77,1,3,1,7200
82,1,12,1,30000
72,0,11,1,15600
88,0,6,0,5640
88,1,8,0,5640
85,0,8,1,12000
74,0,12,0,17297
76,1,10,0,8124
76,0,6,1,8000
93,0,10,1,36000
74,1,10,1,21600
87,1,10,0,8724
70,0,3,0,7080
90,0,9,1,6600
80,0,12,0,11000
69,0,12,1,22000
89,1,2,0,8208
79,1,12,0,10800
77,1,12,0,7764
75,0,12,0,21600
86,1,7,0,5820
80,1,7,0,4800
83,1,11,0,6780
86,0,12,1,11964
95,1,14,0,5520
71,0,8,1,9828
73,0,13,1,70000
78,0,7,1,8484
77,1,11,0,18000
71,1,12,1,12000
78,0,18,0,35000
83,1,12,0,12000
83,1,7,1,10500
71,0,18,1,27600
73,1,12,0,23000
79,1,12,0,8988
86,1,12,0,11148
81,1,7,1,12888
85,1,9,0,10800
83,1,14,1,38000
84,0,1,1,7500
70,0,8,1,8820
85,0,12,0,11000
79,1,17,0,16000
71,0,16,1,47000
75,1,12,1,20000
70,1,3,1,11280
77,1,12,1,13000
81,1,12,1,20000
73,0,7,0,8040
73,0,5,1,15000
71,0,18,1,30000
73,0,8,1,8736
84,1,9,0,5880
71,1,10,1,9180
80,1,12,1,21000
68,1,1,1,10800
70,0,12,1,16000
87,0,10,0,30000
84,0,8,1,19744
71,0,14,1,35000
80,1,10,0,13200
72,1,16,1,700000
80,1,12,0,7416
82,0,4,1,9768
70,1,12,0,44434
87,1,10,0,8220
81,0,16,1,13536
76,1,12,0,10080
80,0,13,0,24500
70,0,3,0,6552
83,1,2,1,4000
84,1,14,1,32500
80,0,4,1,11072
79,0,12,1,15600
67,1,1,0,6240
86,1,11,0,8760
88,0,12,1,18000
90,1,12,0,5880
70,1,12,1,22000
71,0,6,1,9528
74,0,2,1,15600
70,0,18,1,50000
83,0,16,1,27600
79,0,12,1,15000
70,0,12,1,35000
71,1,12,0,7728
66,0,12,1,14520
82,1,4,0,11400
80,0,12,1,16800
67,0,7,1,12000
90,1,14,0,32400
84,0,14,0,36000
67,0,7,1,21600
71,0,12,1,17000
70,1,7,0,5544
81,1,12,0,9396
72,1,10,1,16000
77,1,12,0,14000
72,1,3,0,6405
80,0,18,1,28800
84,1,18,0,8000
86,1,5,0,6228
77,1,8,0,13200
84,0,8,0,24000
81,1,10,1,19200
79,1,12,0,18000
76,1,5,0,6000
72,1,17,1,25000
84,1,12,0,13000
72,0,10,1,13200
76,1,12,0,12000
71,1,11,0,10500
98,1,11,0,6336
77,0,6,1,60000
86,1,7,0,6000
86,1,7,0,10176
83,1,18,0,20000
76,1,9,1,8580
72,1,14,0,45000
78,1,7,0,13800
89,1,11,0,6912
77,1,6,0,10596
76,1,14,0,8400
84,0,7,0,12000
81,1,9,0,5316
76,1,11,1,24000
81,0,10,0,15000
73,1,15,1,26000
90,1,17,0,29000
83,1,12,1,21000
71,0,12,1,35000
81,1,6,1,4000
68,1,12,1,9780
72,1,15,1,30000
89,1,12,0,7608
82,1,13,0,6804
78,0,8,1,20000
91,1,9,0,6888
70,1,10,0,5736
75,1,8,0,6060
72,0,12,0,11000
82,1,9,0,12000
85,1,7,0,6576
76,0,11,1,32615
82,1,12,0,8000
72,1,12,1,32000
93,1,8,0,7440
88,1,12,1,68916
86,1,3,0,6360
72,1,18,1,22000
81,0,14,1,32000
76,1,12,1,12000
71,0,6,1,30000
72,1,6,0,4620
72,0,12,0,8184
78,0,18,0,8384
93,1,13,0,6000
79,1,8,1,14040
92,0,3,1,11412
96,1,8,0,11760
70,1,14,1,4000
71,0,3,1,32000
74,1,13,0,30000
76,1,6,1,12960
83,1,7,0,5244
69,1,12,1,10200
81,0,10,1,9600
80,0,12,0,13200
80,0,8,0,14400
77,1,12,0,10200
73,0,18,1,18000
80,1,9,1,15600
73,1,13,1,15600
84,1,13,1,12000
71,0,18,1,45000
68,1,12,1,30000
87,0,7,1,14052
80,1,9,1,20000
74,1,12,0,19673
79,1,14,0,13524
87,1,12,0,9120
66,1,4,0,7200
99,1,5,0,20400
70,1,12,0,9372
79,0,8,1,12000
77,0,16,1,20000
78,1,10,1,4000
84,1,17,0,24000
74,1,8,1,20000
78,1,14,0,16200
80,1,12,0,24000
90,0,1,0,5856
75,0,12,1,31200
71,0,11,1,4000
92,0,4,1,9600
73,0,14,1,4000
84,1,16,0,34000
76,0,9,0,11880
71,1,16,1,78000
91,1,8,0,7224
85,0,12,1,35000
79,1,9,0,6600
90,1,8,1,45000
75,1,12,1,24000
83,1,14,1,36000
89,0,6,0,4824
82,0,6,1,35000
88,0,2,1,10800
77,1,12,0,20000
75,1,4,0,8304
74,0,11,1,15972
76,0,2,1,18000
74,1,15,1,21600
70,0,16,0,17000
70,0,12,1,18000
70,0,10,1,30000
97,0,11,1,12000
80,0,12,0,8340
81,1,8,0,5880
75,0,1,0,9600
72,1,3,1,25000
71,0,12,1,12000
72,1,12,0,35000
74,0,12,1,17970
77,1,9,0,10500
79,1,7,1,4500
73,0,12,1,17000
91,1,8,0,5700
86,1,11,0,13680
85,1,14,1,16800
78,0,1,1,13320
82,1,17,0,21682
74,0,8,0,9900
71,1,12,1,45396
74,1,8,0,12000
81,1,13,0,19800
88,1,12,0,9600
69,0,14,1,23000
89,0,14,1,16800
88,0,8,0,6552
73,1,13,0,14400
86,1,5,0,4000
78,0,8,0,22000
76,1,9,0,7344
71,1,12,1,20000
72,0,6,1,34610
71,1,12,1,16500
70,1,17,0,8400
79,0,12,1,22000
87,0,12,1,12000
71,1,8,1,30000
85,1,12,0,7800
71,1,17,1,29374
84,1,10,0,7536
79,1,11,1,8388
73,0,7,1,12984
81,0,6,0,6000
83,0,12,1,10113
69,1,12,0,16200
78,0,11,1,21600
82,0,10,1,6000
73,0,12,1,20400
80,0,12,0,16800
75,0,14,0,30000
82,1,9,0,7272
71,1,3,1,5748
78,1,12,0,18000
88,0,8,1,16800
75,0,16,1,250000
79,1,9,0,7836
77,0,16,1,36000
80,0,6,0,156000
74,0,11,1,18000
80,0,12,1,15000
85,1,9,0,7200
80,0,12,1,14400
82,0,8,1,30000
75,1,12,0,18600
76,1,11,1,22800
82,0,17,1,75000
80,1,12,0,11160
71,0,12,1,31680
78,0,14,1,30000
71,1,11,0,14000
73,0,10,1,35000
81,1,14,0,26000
75,0,7,1,4000
76,0,14,0,12000
78,0,6,0,18000
80,0,2,0,8040
78,1,12,0,17000
87,0,16,1,35000
70,1,12,1,18000
68,1,8,0,8000
73,1,17,1,90000
72,0,14,1,60000
70,1,6,0,8412
72,1,8,0,12000
85,1,10,0,10800
67,1,1,0,5520
71,0,4,1,13200
72,0,13,1,40000
78,0,4,0,5256
71,1,12,1,27000
70,1,1,1,17400
74,1,2,1,13454
66,1,9,1,6500
84,1,8,1,16800
73,1,12,1,20400
87,1,14,0,8555
74,1,9,1,6180
79,1,10,1,18000
72,0,17,1,27720
83,0,8,0,5520
72,1,15,1,12914
69,0,8,1,12048
72,1,12,0,11268
78,1,14,0,10610
76,0,12,1,22000
84,1,15,0,10416
73,0,3,1,16000
81,1,14,1,16800
78,0,6,0,10044
69,0,1,1,12504
79,1,12,1,30000
79,1,10,0,8400
86,1,10,0,6180
87,1,15,1,22500
76,0,12,0,15600
74,0,9,0,6084
74,0,4,1,9600
81,0,8,0,17000
79,1,12,1,31944
94,1,18,0,30000
90,0,3,0,7200
68,0,12,1,26000
77,0,18,1,90000
79,1,13,1,25200
81,1,7,1,13454
95,1,8,0,9660
83,1,7,0,6204
70,0,18,1,86740
72,1,14,1,30000
89,1,9,0,5808
79,0,18,1,66924
81,0,9,1,9300
71,0,12,1,37000
86,1,12,0,12000
88,0,5,1,27011
75,0,12,1,10000
82,1,2,0,9600
75,1,9,0,9612
77,1,12,1,10536
82,1,12,0,7944
92,0,8,0,12000
74,1,12,0,22800
84,1,12,0,25000
82,1,12,0,4000
82,1,9,0,7140
70,1,12,0,13000
74,0,8,1,28800
80,0,9,1,13200
71,1,12,0,7114
72,1,12,1,29424
71,1,16,1,24000
76,1,11,0,4000
77,1,12,0,9012
85,1,15,0,7800
85,1,16,0,9060
65,0,14,1,8940
87,0,12,0,8735
97,1,8,0,5640
74,0,9,0,15000
70,0,16,0,47000
88,0,12,1,7680
69,1,1,1,10068
84,0,12,1,17172
74,0,9,1,20000
90,1,9,0,7860
75,1,13,1,35000
79,0,12,1,23000
77,0,1,1,4200
88,1,12,1,50000
88,1,5,0,5880
92,1,9,0,12420
78,0,8,1,22000
97,0,12,0,5052
96,1,12,0,8400
84,0,5,0,4548
87,0,11,0,12420
84,1,12,0,6000
79,0,14,1,45000
67,1,10,1,20400
72,0,17,0,55000
89,0,7,1,9600
82,1,12,1,30000
74,0,14,0,16800
70,0,8,1,9792
92,1,9,0,6912
83,0,7,0,6744
76,0,12,1,24000
77,1,12,1,30000
72,1,12,1,51392
89,1,14,0,4000
92,1,7,0,6120
80,1,5,0,4000
70,0,12,1,36000
87,0,8,1,13314
76,1,13,1,40000
80,1,12,1,25000
80,1,12,1,7200
83,1,12,0,5892
71,1,12,0,15000
82,1,17,1,17000
77,1,10,1,20000
88,1,12,0,6885
86,0,1,0,5820
89,1,12,1,16800
78,1,12,0,7740
78,1,7,0,6588
83,0,18,1,72000
76,1,13,0,8400
67,1,12,0,4644
70,0,6,1,7800
87,1,12,1,20400
73,0,12,1,17378
94,1,12,0,14400
86,0,10,1,17172
74,1,12,0,12000
71,1,13,0,7560
73,1,12,1,30522
67,0,9,0,13200
92,0,6,1,15726
72,0,17,1,45000
76,1,12,0,9372
87,0,11,0,5784
83,1,12,0,4000
72,0,1,1,8016
70,0,9,1,10000
80,1,10,0,9000
85,1,8,0,10500
66,1,12,0,9000
71,0,12,1,24000
72,0,10,1,13200
80,1,7,1,9900
91,1,12,0,13200
80,0,9,0,5880
67,1,7,0,13656
80,1,16,0,30000
76,1,16,1,18000
70,1,15,1,21600
71,0,12,0,26000
86,0,12,1,12252
82,1,10,0,7585
71,0,13,1,27000
83,1,12,0,14000
74,1,12,0,5616
91,1,1,1,10800
88,1,15,0,6132
70,1,7,1,13752
73,1,6,0,6420
72,1,3,0,6000
73,1,12,1,15720
91,1,17,1,4000
72,1,11,0,7608
71,1,9,0,6036
83,1,14,1,31200
84,0,6,1,14400
65,1,10,0,7341
74,1,6,1,20000
85,1,1,0,5916
65,1,6,0,6156
85,1,12,0,10200
73,1,12,1,41184
70,1,12,1,25200
80,1,12,1,4800
84,1,13,1,10068
78,1,12,1,40000
83,0,3,1,12732
87,1,13,0,40664
73,1,12,1,9143
83,0,14,0,24000
81,0,5,0,14244
88,1,12,0,14000
83,1,16,0,7900
83,0,3,0,5880
86,0,8,1,30000
89,0,8,1,22000
99,1,4,0,4000
84,1,12,0,10000
84,1,16,0,24000
79,0,14,1,15600
85,1,12,0,24000
94,0,10,0,10800
79,1,12,0,7200
71,0,10,0,12356
71,1,11,1,37800
82,1,8,0,5000
70,0,16,1,20000
75,1,9,0,8424
70,0,14,1,25000
74,1,7,0,8338
80,0,10,1,12000
77,0,12,1,13200
73,0,12,1,34528
77,1,16,1,40000
80,0,18,0,7200
90,1,6,0,6000
91,1,4,0,6000
75,1,15,1,20000
77,1,13,0,12000
87,0,9,1,25000
78,1,8,0,6576
83,1,12,1,8712
66,1,10,0,9893
78,0,14,0,50000
71,0,14,1,28000
78,0,12,1,20000
86,1,10,0,5700
83,1,15,1,25000
85,0,12,1,20000
98,1,16,0,9312
85,0,2,1,26172
71,0,12,1,22800
74,1,9,1,11746
81,1,16,0,10800
75,1,14,0,20000
71,0,8,1,16000
89,1,12,0,9600
87,1,16,0,14616
74,1,12,0,14400
88,1,12,0,7114
88,1,8,0,5880
83,1,13,1,19000
70,0,12,1,18000
72,0,12,1,20400
88,1,13,0,20000
90,1,8,0,8280
85,1,7,0,9000
87,1,4,0,5880
80,0,16,1,30000
70,1,17,0,10400
74,1,12,0,10260
71,0,17,1,40000
87,1,16,0,21852
75,1,12,0,17105
72,0,11,1,24000
86,0,8,1,25200
77,1,18,1,28000
103,0,8,1,4200
84,0,8,0,7596
68,1,12,1,7272
76,0,9,1,10272
70,0,9,1,50000
86,1,9,0,7373
85,1,12,0,5664
77,1,16,0,10000
69,1,4,1,20400
73,0,11,1,22644
86,1,4,0,5520
77,0,2,0,6000
80,1,7,0,4140
74,1,12,0,20000
82,0,16,0,28000
69,1,10,0,12000
90,1,8,0,9756
72,1,6,0,7200
85,1,14,0,15000
72,0,16,1,75000
84,1,12,0,10500
80,1,13,0,15000
68,0,12,1,22800
85,1,7,0,12000
73,1,16,0,8000
72,1,13,0,9060
81,1,10,0,10092
91,0,7,0,5376
78,0,11,1,18804
86,1,12,0,11520
86,1,8,0,9060
80,1,8,1,18888
82,1,12,0,12096
95,1,16,1,35000
74,0,7,1,9300
70,0,14,1,30000
73,1,12,1,30000
74,0,9,1,17000
74,0,12,1,13000
71,0,15,1,23880
79,1,9,0,6600
78,1,16,1,13746
85,1,10,0,13200
80,1,12,1,45000
81,0,12,1,52000
73,1,13,1,24000
83,0,7,1,28800
87,0,13,0,18000
71,0,16,0,24500
94,0,16,0,12000
83,0,12,1,18000
78,1,12,1,20000
78,1,10,1,16800
73,0,12,1,20000
71,0,11,1,17700
79,1,13,1,40000
89,1,16,0,6612
75,0,12,1,33600
73,1,3,0,5964
85,1,8,0,9888
80,1,12,0,5640
68,0,12,1,8700
83,0,6,0,4620
80,0,12,1,20000
73,1,4,0,4000
84,1,12,0,6000
90,1,13,1,10000
71,1,14,1,43000
71,0,6,1,14400
83,0,8,0,8000
70,1,12,1,25000
75,0,17,1,65000
83,1,16,0,20000
80,1,17,1,12000
84,0,5,0,5244
84,1,12,0,9600
74,1,12,0,34000
77,0,18,1,26400
70,0,13,1,36000
70,0,14,1,34500
80,1,9,0,8400
84,1,12,0,11772
85,1,7,1,22000
93,0,5,1,25000
79,1,14,1,22644
82,1,12,1,13200
73,0,12,1,35000
83,1,18,0,25000
88,0,12,1,10056
79,0,18,1,18000
75,0,15,0,16200
92,1,13,1,9000
94,0,10,0,29000
73,0,18,0,90000
91,1,8,0,16080
72,0,12,1,24000
70,0,2,0,4000
76,1,11,0,32466
72,0,11,1,18588
66,1,12,1,16080
83,1,10,0,30000
72,0,12,1,27000
90,0,8,1,34000
77,0,10,0,16000
87,1,10,0,6000
85,1,12,0,20400
75,1,12,1,19000
91,1,10,0,6576
75,1,18,1,21600
74,0,10,1,15500
89,0,18,0,33051
92,1,12,0,7728
85,0,16,1,13200
80,0,8,1,15600
71,0,14,0,16000
71,1,18,1,32000
87,1,12,0,9600
74,1,12,0,18976
70,0,12,1,25000
71,0,14,1,31200
80,1,18,1,32000
78,0,12,1,56000
77,0,12,0,14142
76,0,14,1,32000
65,0,3,1,9420
93,1,8,0,5232
70,1,11,0,9120
88,1,10,0,8400
87,0,8,1,18636
89,0,4,0,4000
77,1,12,0,10800
76,1,14,0,11000
70,1,11,1,35000
80,1,11,0,9720
75,0,7,0,18000
72,1,12,0,6000
87,1,12,0,33600
85,1,12,0,4000
84,1,9,0,7080
69,0,8,1,21000
73,0,18,1,67000
76,1,9,0,6996
87,1,12,0,6324
77,1,12,0,4000
84,0,12,1,8904
69,0,12,0,22000
77,1,16,1,27000
73,1,12,0,5880
81,0,9,0,14400
73,0,8,1,19200
77,0,9,1,12000
84,1,8,1,15700
71,1,12,1,6263
80,1,15,0,21600
71,0,5,0,15600
86,0,10,1,7668
72,0,12,1,12000
80,1,8,0,11400
71,1,7,1,12000
68,1,4,1,9600
85,1,14,0,7200
79,0,12,1,50000
85,1,14,0,25896
92,1,4,0,6120
93,1,7,0,5940
75,1,12,0,8400
88,1,8,0,7446
75,0,9,1,27060
70,0,16,0,23000
73,0,12,1,28000
73,1,14,1,50000
76,1,15,1,43446
71,1,13,1,32000
94,1,1,0,5880
94,1,16,1,22644
73,1,12,0,9108
66,1,14,1,38919
78,0,12,1,49000
88,1,9,0,5964
71,0,16,1,45000
70,1,3,1,9600
77,1,12,0,12000
82,1,11,0,14000
87,0,9,0,11500
78,1,12,1,5000
65,0,2,1,17016
82,0,18,1,72000
82,0,16,1,27000
86,1,8,1,25000
87,0,9,0,12000
83,1,12,0,22000
80,0,18,1,50000
84,1,13,1,5784
87,0,6,1,4000
71,0,12,1,17400
78,1,3,0,4032
86,1,13,0,25000
85,1,12,0,16800
75,1,12,0,30000
93,0,5,1,9000
77,0,8,0,6516
73,1,13,0,5832
81,1,18,1,27600
88,1,7,0,17000
89,1,12,0,6120
73,1,12,1,21700
74,0,7,0,8244
73,1,8,1,18780
70,0,14,1,45000
76,0,7,1,20000
82,1,9,0,4644
81,0,12,1,27000
72,1,9,0,8496
72,1,12,0,24000
70,1,11,1,39300
85,1,6,0,5160
76,0,7,1,15000
83,1,6,0,5268
74,0,14,1,45600
71,1,12,1,13000
79,0,8,0,19152
89,1,5,0,5280
85,0,8,0,5520
65,0,4,0,6564
84,0,12,1,4560
77,1,8,1,13860
72,1,8,1,50000
73,1,12,1,16320
76,0,2,1,8400
82,1,8,0,25000
86,1,5,0,8280
86,1,9,0,9360
80,0,11,0,11994
85,0,6,1,11000
87,0,12,0,6132
79,1,13,0,19872
75,0,10,1,21600
66,0,10,1,19908
85,1,14,0,14280
74,0,12,1,18000
90,0,8,0,6720
73,0,16,0,7200
76,0,12,1,19000
88,1,8,0,4000
70,0,10,1,21000
78,1,16,1,12000
72,0,16,1,33600
76,1,13,0,12060
95,0,18,1,47000
87,0,16,0,8628
79,0,14,0,7560
70,0,8,0,30000
79,1,13,1,25000
98,1,12,0,5880
80,0,12,0,9000
75,0,12,1,14000
72,1,18,1,104000
76,0,12,1,30000
80,0,12,1,25000
74,1,12,0,15000
80,1,13,1,20000
73,1,14,0,7836
76,0,8,0,6300
82,0,8,1,11556
80,1,4,1,6000
105,1,9,0,8304
75,0,9,1,14016
78,0,17,1,57500
73,0,9,1,23000
66,1,11,0,5820
79,0,18,1,53235
83,1,10,0,5208
86,0,3,1,8400
80,0,6,1,28800
74,1,13,0,9360
79,1,11,0,7272
74,1,12,1,4000
70,1,14,1,14400
75,0,8,1,30000
71,1,12,0,7620
77,0,12,1,20400
91,1,10,0,4000
89,1,7,1,30000
70,0,17,1,24000
77,1,16,0,13874
81,1,8,1,18636
72,1,14,0,8843
82,1,12,1,40000
75,1,11,1,20000
79,1,16,0,15000
88,0,1,1,8400
78,1,13,1,56000
83,1,8,0,7680
65,1,12,0,6672
81,0,12,0,15120
75,0,16,1,38000
91,1,5,1,7920
79,0,12,0,12000
86,0,7,0,16800
94,1,1,0,10000
85,1,16,0,7980
85,0,12,0,6885
69,0,1,0,6168
72,1,16,1,25000
79,1,7,1,12000
94,1,8,0,7068
71,1,8,0,4000
76,0,10,1,150000
86,1,16,0,16000
78,1,12,0,6885
72,1,12,1,26052
78,1,16,1,24000
70,1,5,1,18242
80,1,12,1,34000
83,0,1,1,14880
86,0,8,0,4000
81,1,12,1,4000
76,1,9,0,14400
75,1,10,1,21000
85,1,3,0,8760
82,1,8,0,20000
78,0,8,0,9720
70,1,13,0,7404
78,0,18,1,48000
79,0,6,1,8760
79,1,12,1,15000
74,0,12,0,15000
84,1,9,1,21000
75,1,12,1,22000
74,0,11,1,22000
89,1,16,0,9060
79,0,7,1,11400
86,1,13,1,18000
91,1,16,0,50000
72,1,12,0,9600
72,1,12,1,30000
73,1,8,1,42000
84,0,13,1,21600
71,0,8,1,10000
85,1,16,0,24000
72,1,16,0,8352
76,0,7,1,19200
91,1,8,0,24000
88,0,8,1,22632
73,0,11,1,11000
83,1,6,0,6576
80,1,13,0,35000
89,1,1,0,10200
85,1,1,0,5976
90,1,8,0,10000
76,0,11,0,12000
90,1,12,0,8500
83,0,6,1,14400
71,1,12,1,68000
86,1,8,0,6996
86,1,8,0,5640
88,0,12,0,18500
87,1,10,0,5676
72,1,12,0,20400
70,1,12,1,21600
93,0,7,1,32076
74,1,9,0,8160
65,0,11,0,6324
80,0,16,0,20052
65,0,5,0,6156
82,1,16,0,20400
90,1,12,0,8040
78,1,4,0,9936
88,1,9,0,12000
70,1,12,1,9600
70,0,18,1,50000
77,1,12,1,14500
91,1,12,0,18024
83,1,10,0,23000
86,1,12,1,33000
80,1,7,0,4000
71,1,10,0,14400
74,1,18,1,40000
89,0,7,0,7344
68,1,9,0,5880
81,1,18,0,12000
89,0,16,1,60000
74,1,18,0,60000
95,0,9,0,5880
84,1,18,0,36000
87,0,12,1,14000
70,1,18,1,20000
80,0,8,1,9000
71,0,8,0,5976
84,1,8,0,9660
70,1,12,1,12000
73,0,12,1,19200
82,1,8,1,4000
89,1,8,0,11400
86,0,12,1,40000
83,1,9,1,28000
90,1,7,0,4608
90,0,18,1,40000
70,0,14,1,30000
67,1,9,0,6557
80,1,4,0,20000
72,1,12,1,13200
75,1,12,1,22923
74,0,14,1,40000
80,0,16,0,18000
76,0,9,0,5736
68,0,9,0,8520
75,0,7,1,14400
71,0,12,1,41623
73,0,16,1,30000
71,1,14,1,59000
88,0,1,1,5520
102,1,9,0,10620
92,1,8,0,4140
82,1,8,0,5940
82,1,7,1,7968
70,0,12,0,9756
81,1,11,0,4000
75,1,12,0,12420
78,1,2,0,7517
77,1,5,0,5856
86,1,12,0,6636
88,0,8,0,10000
83,1,1,0,7608
74,1,12,0,13164
89,0,12,1,14740
85,0,17,1,26922
70,1,12,1,12000
72,0,10,1,9600
89,0,12,1,16200
81,1,13,0,10000
81,1,8,1,14400
73,1,17,0,27600
93,0,8,1,32000
91,0,9,1,36000
75,0,12,0,17000
86,1,8,0,7201
74,1,15,1,60000
74,1,10,1,17160
85,1,13,1,8016
83,1,7,0,4000
80,1,12,1,36000
79,1,13,1,25000
86,1,1,0,5220
78,0,12,1,35000
73,1,3,0,7277
82,1,6,0,5640
73,1,12,0,7764
87,1,8,0,9420
80,0,12,1,33000
78,0,8,0,4000
71,0,16,1,48000
87,1,10,0,9300
83,1,10,1,9840
79,1,8,0,4000
71,1,6,1,4000
73,0,10,1,18600
80,1,12,1,18000
89,0,9,1,11532
76,0,14,1,40000
89,1,8,0,5880
91,1,8,0,9000
75,1,18,0,12600
75,1,10,0,6660
71,1,7,1,20000
84,1,12,1,23000
71,1,18,0,10092
85,1,13,0,11120
73,0,15,1,13380
76,1,6,0,11880
85,1,12,0,9000
81,0,14,1,30000
80,0,8,1,18000
86,1,12,1,12252
74,0,18,1,18000
87,1,13,0,5916
81,1,8,0,6300
72,1,15,1,40000
82,1,10,0,9132
87,0,14,0,11282
77,1,16,1,84000
65,0,1,1,14400
79,1,12,0,18000
75,0,12,1,32000
73,0,14,1,40000
74,0,16,0,31000
83,0,18,1,14160
71,0,15,0,26400
83,0,8,1,20400
66,0,12,1,20000
89,1,12,0,6384
72,0,13,1,35950
84,0,12,1,35000
75,1,8,0,5076
70,1,12,1,21960
82,1,14,0,8808
91,1,9,0,6504
77,1,16,0,22000
83,1,7,0,5842
70,1,7,1,9024
73,0,12,1,24000
85,1,4,0,9000
72,0,12,0,16656
83,0,12,0,12480
81,1,18,0,35000
92,1,12,0,21600
69,0,13,1,35000
84,1,8,0,7968
69,0,8,1,17447
87,0,7,0,36000
84,1,12,1,10548
81,1,12,0,26000
80,0,8,1,8040
72,1,12,0,9600
102,1,12,0,5400
81,1,8,1,13320
86,0,10,0,20000
72,0,12,1,30000
76,0,12,1,39800
96,1,8,0,6444
82,1,12,0,6000
73,1,8,1,8916
93,0,8,0,12000
66,0,2,0,6780
75,0,12,1,25800
71,1,9,1,20220
93,1,14,0,12000
75,0,13,1,19000
88,0,8,1,12024
90,1,18,0,4000
94,1,4,0,5580
75,1,10,0,25656
85,1,12,0,13200
70,0,16,1,60000
80,0,12,1,20592
91,0,13,1,25200
86,1,16,0,18924
98,0,13,1,11000
79,1,10,0,8160
72,1,8,1,13200
90,1,12,0,9600
72,1,16,1,32028
89,0,8,1,22671
80,0,12,1,13200
71,0,9,1,30000
72,0,2,1,6307
73,1,11,1,15600
73,0,12,1,30000
71,0,12,1,19200
77,0,8,1,14400
70,1,12,0,13800
84,0,13,1,12000
78,0,12,1,40000
84,1,4,0,4000
68,0,6,0,5040
75,1,12,1,45000
81,1,14,1,66240
80,0,11,1,20000
91,0,4,1,6060
67,0,12,1,30000
72,1,12,0,20000
86,0,12,1,24000
81,1,18,1,32000
78,1,14,1,45000
70,0,16,1,65000
75,1,12,1,40000
83,1,12,0,10000
73,0,16,1,21000
78,1,16,0,30000
76,1,12,1,4000
77,1,11,0,4824
82,1,11,0,6672
90,1,12,0,12000
80,1,13,1,11940
66,1,12,0,7140
87,0,10,1,9072
73,0,12,1,35000
81,1,5,0,5640
90,1,8,0,8628
71,1,11,0,10320
73,0,8,0,5556
77,0,7,0,18000
75,1,13,0,20400
71,0,6,1,7920
76,0,18,1,90000
83,1,12,0,4000
78,0,15,1,11400
80,1,6,0,7167
65,1,12,0,8040
82,1,13,0,17400
86,0,11,1,32076
72,0,13,1,7200
82,0,12,1,27500
70,1,12,1,42000
78,1,6,1,36000
78,1,16,0,15948
76,0,15,1,25000
90,1,12,0,25200
86,0,12,1,11000
69,1,8,0,7140
71,0,9,1,20000
79,1,12,1,117108
76,0,3,1,11388
73,0,5,0,8940
71,0,12,1,41184
81,1,12,0,11040
74,1,11,0,8784
74,1,12,1,18000
92,0,18,1,300000
86,1,8,0,5556
71,1,10,0,5388
83,1,9,0,15000
77,1,12,0,36000
103,1,8,0,7200
75,1,1,0,9600
76,0,12,1,10000
79,0,10,0,9600
78,1,12,0,7860
87,0,8,1,14000
83,1,12,1,4000
85,1,6,0,9120
71,0,10,0,25000
74,0,12,1,15000
73,0,8,0,7740
84,1,14,1,5784
76,0,12,1,27000
98,1,16,0,6336
89,1,12,1,13200
91,1,12,0,24000
89,0,7,1,50000
98,1,8,0,11448
89,1,12,0,7620
96,1,9,0,9912
92,1,1,0,6792
88,1,6,0,5400
90,0,13,1,48000
90,0,16,1,18000
89,0,18,1,35000
89,0,8,1,9500
93,1,12,0,15600
92,1,7,0,6336
92,1,9,0,11904
95,1,11,0,9000
93,1,16,0,14100
93,1,14,0,9156
93,1,12,0,7140
94,0,1,1,13200
94,1,7,0,4980
78,0,12,1,18000
68,0,18,1,70000
85,0,12,1,18000
78,1,1,1,18636
69,0,14,1,40000
65,1,12,1,48000
82,1,12,1,9276
83,1,3,0,4000
74,0,18,1,66924
80,1,8,1,33600
80,0,12,1,24000
69,1,10,0,10788
71,1,17,1,70000
68,0,12,1,30000
65,1,12,0,10800
82,0,13,1,12720
86,0,5,0,10800
84,0,9,1,8700
88,1,10,0,5999
68,1,5,0,12000
69,0,2,1,25200
69,1,12,1,30000
85,1,10,0,7536
68,1,12,1,30000
80,1,12,1,16344
73,1,11,1,33000
83,0,8,1,7080
68,1,13,0,8700
72,1,16,1,14400
75,0,12,1,40000
74,0,12,1,33600
67,0,6,0,9888
76,0,12,1,25000
78,1,4,0,27880
69,0,18,1,40344
74,1,11,1,12100
69,0,14,1,42000
68,1,16,0,25000
79,1,18,0,30000
69,1,15,0,6612
96,1,11,0,5808
69,0,12,1,28000
83,1,12,0,12000
69,1,6,0,4752
81,1,13,0,12500
86,0,8,0,4000
68,1,10,1,19800
81,1,13,0,8400
85,1,7,1,8400
83,1,16,0,6600
65,1,12,1,30000
68,0,7,1,15000
82,0,13,1,30000
73,1,12,1,16000
68,0,14,1,8880
86,1,10,0,8532
86,1,12,0,8000
83,0,13,1,26000
79,1,12,1,45000
68,1,12,1,9276
85,1,16,0,39804
76,1,6,0,96000
69,1,16,1,19719
79,1,8,0,6120
68,0,7,1,7920
75,0,18,1,33000
68,1,12,1,18000
69,1,12,1,32000
74,1,12,0,8028
65,0,14,1,32000
79,1,9,1,24000
83,0,12,1,38000
87,1,13,0,11269
76,1,9,0,7596
82,1,15,0,30000
79,1,15,0,75000
79,1,12,1,8172
69,0,15,1,45000
69,1,6,0,6600
83,1,15,0,16800
70,0,14,1,35000
69,1,12,1,25000
79,0,12,1,24000
81,0,18,1,20616
69,0,18,1,22000
69,0,18,1,20120
69,1,12,1,30000
69,1,2,0,7500
68,1,11,1,30000
73,0,10,1,19000
83,0,7,1,4200
69,1,9,0,12000
68,0,12,0,25000
72,0,16,1,50000
67,0,7,1,9600
82,1,8,0,9600
93,1,13,0,18000
82,1,4,0,5880
68,1,12,1,19200
82,0,5,0,8400
76,0,13,1,250000
68,0,12,0,20302
83,1,12,0,10444
68,1,12,0,16560
82,1,8,0,5400
69,1,14,1,18480
69,0,12,0,4000
74,0,14,1,36000
74,0,12,1,10000
69,0,12,1,25000
78,0,12,1,50000
78,1,12,1,17520
79,1,12,0,30000
69,1,10,0,11690
68,1,12,1,120000
69,1,12,0,22129
69,1,12,1,30000
68,1,7,0,4000
86,1,16,1,75000
69,1,14,1,50000
85,0,15,0,48000
79,1,12,1,27600
79,1,9,0,5328
72,1,12,1,13664
69,0,16,1,10440
68,1,9,0,12336
73,0,9,1,13454
85,1,9,0,6000
78,1,5,0,6000
68,1,12,1,25020
78,0,15,1,80000
68,0,12,1,38000
69,1,12,0,15600
69,0,16,1,30000
82,0,14,1,29000
68,0,12,0,19200
69,1,18,0,29000
68,1,10,1,8185
69,0,12,1,19898
69,0,12,1,45000
68,1,12,1,25000
69,1,15,1,30000
69,1,12,0,10380
79,1,9,0,20000
69,1,10,0,14400
69,0,9,0,13668
69,1,9,0,9000
69,0,2,0,18000
84,0,9,1,4680
85,0,14,0,13380
69,1,12,1,25000
78,0,16,1,26400
84,0,12,1,7488
83,1,10,0,7080
83,1,12,0,22692
69,0,12,1,25000
84,1,9,1,14400
68,1,13,1,20000
79,0,16,1,40000
69,0,13,1,50000
69,0,1,0,9000
76,1,18,0,35000
87,1,11,0,5748
68,1,14,0,28000
68,1,11,0,18000
84,0,12,0,8000
68,0,9,1,24000
84,1,10,0,20000
89,1,6,0,54000
68,1,13,1,22000
71,0,7,1,18000
69,0,10,1,34035
69,0,18,1,50000
69,0,18,1,62000
69,1,12,1,35000
67,0,10,0,5640
69,0,9,1,24314
68,0,12,1,20000
69,0,8,1,7200
68,0,2,1,7788
69,0,16,1,55000
87,1,10,0,9000
82,1,8,0,9084
86,1,12,0,40000
86,1,6,0,8500
69,1,10,1,36120
78,0,12,1,36000
73,0,8,0,12372
69,1,12,1,50000
69,1,12,1,36000
85,0,12,0,10884
68,1,12,1,37619
79,1,14,1,38000
69,1,1,1,8400
73,1,12,1,18888
71,1,5,0,14000
80,0,12,1,8700
69,0,12,0,36000
68,0,12,1,14740
69,1,7,0,7092
69,1,10,1,8496
68,1,12,1,18000
69,0,12,0,16000
67,0,4,0,4880
68,1,12,1,24000
82,0,5,1,15298
68,0,8,1,19000
75,0,14,1,200000
85,1,8,0,5100
68,1,12,1,65000
83,1,12,0,10200
69,1,12,1,20000
77,0,18,1,28000
67,1,14,0,7800
69,1,12,1,49000
68,1,12,1,22000
84,0,6,1,38548
86,1,12,0,4000
69,1,12,1,18000
84,1,4,0,4000
68,0,9,1,12864
83,1,8,1,14820
77,1,11,0,19000
77,1,14,0,48000
76,1,9,1,5207
68,1,16,0,23447
78,1,9,0,12096
68,1,13,0,12122
86,1,6,0,5244
68,0,12,1,21600
68,0,6,1,16200
78,1,8,0,12132
82,1,9,0,9360
82,1,8,1,11784
68,0,10,1,15600
69,1,9,1,26400
69,0,8,1,33728
69,0,12,0,19200
74,0,12,1,35000
84,1,8,0,14400
81,1,10,0,12000
82,0,8,0,13200
73,1,12,0,8724
74,1,14,1,40000
82,0,12,1,35000
74,0,12,0,15000
79,1,9,0,4000
81,1,15,1,18000
78,1,12,0,22800
77,1,11,0,14577
68,1,12,1,50000
70,0,13,0,14100
69,1,14,1,30000
70,0,14,0,20000
80,1,7,0,7908
69,1,12,0,14500
69,1,13,1,28020
69,0,16,1,18000
85,1,11,0,8904
81,0,14,1,20000
83,0,14,1,35000
80,0,12,1,56000
68,1,11,0,7813
78,1,8,1,15600
78,0,12,1,25000
69,1,16,0,22000
88,0,15,1,62200
69,0,15,1,11000
69,1,9,0,9840
68,0,12,1,30000
85,0,8,0,10800
68,0,16,1,50000
69,0,12,1,75000
69,0,8,1,50000
69,1,10,1,10800
68,0,15,1,18000
82,0,9,1,10000
71,1,10,1,15000
69,0,9,1,27351
83,1,8,0,6768
75,1,12,1,22632
68,0,14,0,7000
83,1,8,0,10200
70,0,10,1,30000
93,1,9,0,4000
68,0,12,1,35616
81,0,12,0,30000
78,0,13,1,60000
68,1,9,0,4000
84,0,12,0,6876
68,0,10,0,6480
69,0,11,1,21600
77,1,12,0,23000
69,1,15,1,80000
73,0,12,1,25000
81,1,12,1,26319
69,0,18,1,40000
69,0,7,1,12012
68,0,12,1,30000
68,0,7,0,10000
72,1,12,0,5580
99,0,3,0,6312
78,1,18,1,24000
68,0,5,1,18885
67,1,12,1,22000
69,1,12,1,50000
89,0,10,1,7956
82,0,7,0,6264
75,1,3,0,6600
86,1,6,0,7740
84,0,8,1,25000
86,0,14,0,35000
68,1,12,0,10620
69,1,8,1,13500
87,1,12,1,48000
69,0,10,1,33000
74,1,12,0,9240
83,1,12,0,21600
74,1,12,0,12576
74,0,12,1,45000
69,0,7,0,5964
68,1,12,1,30000
79,1,12,0,24000
74,1,12,1,20400
69,0,18,1,90000
68,0,12,1,10320
69,1,11,1,19000
69,1,5,1,15060
80,1,11,1,15660
84,1,10,1,18000
69,0,11,1,31000
79,1,12,1,15588
70,0,14,1,35000
68,1,12,1,40000
89,1,8,0,5040
68,0,10,1,35000
69,1,12,1,8836
69,1,9,1,10200
68,0,16,0,44000
78,0,4,0,6000
86,1,14,0,53750
80,0,9,1,15000
68,0,7,1,12489
73,1,7,1,156000
68,0,11,1,20520
69,0,9,0,10188
68,1,12,1,55000
84,0,4,0,16800
85,0,6,1,8496
80,0,7,0,14400
69,1,12,0,4920
85,0,16,1,45000
68,0,11,1,30000
69,1,10,0,7680
84,1,12,1,17400
68,0,18,1,150000
73,1,12,0,17000
68,0,12,1,28800
69,1,7,0,9480
69,0,5,1,24000
82,1,12,0,13615
77,1,7,1,20052
85,0,12,1,20000
68,1,14,0,10000
82,1,8,1,11544
79,0,9,0,11892
68,1,7,1,17000
69,1,15,1,34000
86,1,1,0,4000
69,1,16,0,13800
69,1,12,1,18000
76,1,12,0,18000
86,1,9,0,31358
68,0,8,1,14400
89,1,9,0,10800
74,1,12,0,10344
93,0,9,0,8712
68,0,6,0,5472
69,1,9,0,12000
80,1,11,0,9420
69,0,10,1,18000
76,0,9,1,16800
69,1,12,1,24000
68,0,8,1,22860
82,0,16,1,45000
71,1,14,0,16000
76,0,3,1,16800
68,1,12,1,42500
78,0,12,1,40000
68,1,12,1,41623
69,1,9,0,7464
90,1,1,0,6648
69,0,10,1,14246
68,1,8,1,7620
74,0,14,1,26280
85,1,12,0,5244
68,0,11,1,31300
75,1,6,0,8784
68,1,12,1,40000
78,1,15,1,20000
87,1,8,0,12000
68,1,16,1,51480
88,1,16,0,10000
69,0,16,1,90000
68,1,12,1,17568
69,0,12,1,43000
71,1,12,0,22000
83,1,10,0,12000
73,1,9,0,9600
69,0,8,1,22800
68,0,12,1,12972
68,1,7,1,7500
68,1,10,1,12000
69,0,12,1,16100
75,0,14,1,16800
68,1,14,0,18000
76,0,16,1,50000
66,1,3,0,7464
90,1,7,0,14400
66,1,10,0,5220
68,1,16,1,38000
81,0,10,1,20000
92,1,18,0,35000
68,1,12,1,11400
68,1,11,0,31000
68,0,6,1,50000
76,1,10,0,8400
68,1,9,0,10800
68,0,16,1,27000
68,1,12,1,29317
83,0,12,1,18600
68,1,9,1,55000
68,1,13,1,28200
68,1,11,0,13812
68,1,12,0,9129
68,0,14,1,36000
82,1,9,0,7680
69,1,12,0,8424
68,1,8,1,13333
68,1,10,1,14472
68,0,12,1,300000
68,0,9,1,27600
81,1,16,1,24000
83,0,12,0,5880
68,1,12,0,15000
68,1,14,0,6240
68,0,14,0,19000
83,1,12,0,7200
68,1,10,1,13632
78,0,12,1,4000
68,0,14,1,15000
79,0,11,0,15000
68,1,1,0,13062
88,0,14,1,15000
68,0,10,0,6948
68,1,12,1,8400
66,0,13,1,18000
80,1,12,1,19000
68,1,12,1,35000
68,1,12,1,996000
68,0,9,0,13200
68,0,12,1,32880
82,0,12,1,15000
68,1,8,0,7167
68,1,12,0,16800
80,1,11,0,9804
68,1,12,1,117108
68,0,12,1,25000
86,0,2,1,6720
84,0,4,1,6960
83,1,4,0,6000
68,0,10,1,19128
81,1,11,0,14040
68,1,2,1,4980
83,1,4,1,11940
68,1,12,0,5664
78,1,13,0,10740
68,1,8,0,10200
68,0,18,1,45000
68,1,14,1,24000
68,0,12,1,60000
77,1,12,0,11813
68,1,12,0,21600
68,1,4,1,4320
68,1,12,0,14000
84,0,8,0,9800
77,1,16,1,33600
77,0,14,0,26400
85,1,14,0,23205
68,1,12,1,36000
80,0,8,1,10440
80,1,2,1,4792
79,0,16,1,27000
68,1,18,0,13590
68,1,12,1,42224
81,0,10,1,18000
79,1,3,0,6984
68,1,9,0,5880
82,0,12,1,20000
88,0,8,1,20000
68,0,15,1,40000
79,1,16,0,51000
68,0,10,1,19200
85,1,9,0,8220
84,0,5,1,17568
80,1,14,0,21600
68,1,12,1,20000
85,1,9,1,16800
68,1,12,1,17520
90,0,7,1,18000
85,0,16,1,42000
86,1,3,1,14760
81,0,16,1,12000
79,0,16,1,70000
82,1,12,1,55000
68,1,17,1,70000
90,0,6,0,5784
66,0,7,1,15000
68,1,12,1,18000
68,0,18,1,36000
84,1,9,0,4800
68,1,16,0,52000
68,1,7,1,15600
80,0,4,0,10200
81,1,9,0,4000
81,1,6,0,8244
68,0,10,1,27000
68,0,8,1,16800
68,0,9,0,5600
87,1,13,0,11072
82,1,12,0,20000
68,0,17,1,35000
68,1,7,0,5904
89,1,12,0,5736
68,1,12,1,19000
82,1,12,0,12234
86,1,4,0,5904
68,1,14,1,20000
84,0,12,1,18000
79,0,12,1,37000
90,1,6,0,5890
76,0,8,0,7071
68,1,9,0,7200
68,0,12,1,30000
68,0,10,1,12000
68,0,18,1,20000
80,0,12,1,41064
69,1,1,0,5916
81,1,9,0,7428
77,0,18,0,8244
69,0,6,1,24000
68,1,13,1,25000
77,0,10,1,14400
84,1,12,1,13200
85,0,9,1,6240
67,1,12,1,7000
79,0,12,1,28000
68,1,12,0,9084
78,0,8,1,28000
84,0,14,1,26000
82,0,8,0,25000
77,1,12,1,20000
68,1,14,1,32000
86,1,8,0,8100
68,1,14,0,7020
89,1,10,0,7896
81,1,8,0,12000
68,0,8,1,20000
68,1,5,1,15600
67,1,14,1,60000
68,1,8,1,12000
87,1,13,0,9360
88,0,12,1,35000
68,1,9,1,23640
91,0,18,0,10318
79,1,10,0,5640
68,1,13,0,9600
79,1,9,0,4000
76,0,12,1,50000
83,1,15,1,36036
84,1,5,0,8040
68,1,3,0,9000
68,0,4,1,5652
90,1,12,0,11100
85,0,12,1,9000
82,1,12,0,20000
79,1,12,0,9600
68,1,4,1,19320
91,1,12,0,7512
68,0,6,1,18000
68,1,10,1,25000
68,0,12,0,14000
68,1,11,0,16000
76,1,12,1,17378
81,0,12,0,11500
68,0,16,1,35000
68,0,14,0,6000
83,0,12,0,4000
68,0,12,1,26000
81,0,12,0,50000
83,1,2,0,12000
68,0,12,1,30000
68,0,18,1,39452
68,1,12,1,20400
80,1,9,1,28000
76,0,6,1,8400
68,1,2,1,8412
80,1,13,0,90000
68,0,8,1,40000
79,0,6,1,16800
83,1,8,0,6108
68,0,12,1,30000
89,0,4,0,6240
84,1,6,0,4812
68,1,11,1,19200
81,1,10,0,21600
76,0,8,1,29640
84,0,12,1,12000
65,0,12,0,9108
65,0,14,1,16000
83,1,9,0,8028
83,0,6,1,33052
68,1,12,1,24000
68,0,10,1,12600
68,1,12,1,15000
78,1,17,1,12000
68,1,10,1,50000
68,1,13,0,6816
68,0,12,1,20000
69,1,12,0,5300
81,1,15,1,60000
68,1,10,0,7428
68,1,12,1,15600
68,1,8,0,7560
78,1,11,1,19200
65,0,12,1,30000
68,0,12,0,12000
69,1,12,1,100000
79,0,11,1,23664
70,0,10,1,25000
82,0,13,1,28800
87,0,13,1,4000
84,1,14,0,10704
68,0,7,1,15000
90,1,9,1,9780
95,1,12,0,6996
68,0,14,1,41000
83,0,16,1,15600
78,1,9,0,9696
78,0,8,0,19200
78,1,8,0,5616
76,1,12,1,20000
92,0,7,0,150000
70,1,12,0,15000
68,0,18,1,100000
68,1,10,0,10800
79,1,12,0,15600
79,1,12,1,14400
68,0,10,1,9600
70,1,12,1,32071
81,0,4,0,11760
68,0,14,1,12768
86,1,8,0,7700
79,1,12,1,40000
77,1,10,0,5880
68,0,9,0,21600
68,1,16,0,49421
68,1,9,0,10200
68,0,13,1,40000
80,0,8,0,10000
90,1,12,0,11640
81,0,18,0,19000
89,1,9,0,7704
77,0,7,0,14000
68,1,8,1,13200
89,0,7,1,14000
81,1,10,0,13896
68,1,7,1,21600
86,1,5,0,5400
69,0,16,1,26400
78,1,8,1,12000
86,0,18,1,60000
68,1,12,1,20000
75,0,16,0,7200
83,1,8,0,4380
83,1,12,0,22800
95,1,9,0,6720
68,0,18,1,14946
68,1,9,0,9432
77,0,8,1,10800
77,1,11,1,18000
68,1,12,1,16800
68,0,14,1,324000
68,0,18,1,150000
82,0,16,1,43000
68,0,18,1,100000
65,0,12,1,35000
68,0,12,1,50000
68,1,10,1,28000
68,1,11,0,10019
68,1,12,0,11640
66,0,12,0,27600
68,1,15,1,48000
65,1,8,0,6840
68,1,12,0,19200
78,1,12,1,9984
68,1,12,1,9732
82,1,6,0,12000
82,1,16,0,36000
85,1,3,0,6264
69,0,3,1,45000
78,1,6,0,5640
81,0,12,1,11664
68,1,12,1,35000
81,1,12,0,9936
70,1,12,1,22800
68,1,7,0,6924
68,1,14,1,30000
68,0,9,1,27600
68,0,10,0,6348
68,1,12,0,13800
76,1,13,0,8400
68,0,12,0,26400
68,0,16,1,4000
68,1,16,1,30888
68,0,5,1,10392
68,0,14,1,20000
68,1,12,1,21600
79,0,14,0,27000
68,0,8,1,19950
85,1,11,0,10596
86,1,1,0,5520
85,0,14,1,20400
79,1,15,1,32028
79,0,8,1,36000
68,0,12,1,25000
82,0,10,0,13000
68,0,10,0,18000
68,0,11,0,9600
80,1,15,1,12000
68,1,10,0,19152
68,1,12,1,30000
83,1,10,0,10800
66,1,10,0,6168
68,1,4,0,7716
65,1,12,0,9732
68,1,12,0,18000
81,1,12,0,11520
81,0,9,0,5842
68,1,12,0,17000
82,1,6,0,8724
68,0,10,1,21600
70,0,3,0,4800
68,1,12,1,22500
86,1,9,0,5999
68,0,16,1,5784
99,1,14,0,11184
82,0,13,0,20400
77,1,3,0,4000
87,1,12,0,7000
68,1,12,1,18398
77,1,6,0,4880
78,1,17,1,35000
68,1,18,0,15000
80,1,13,0,12000
77,0,13,1,70000
68,1,16,1,45000
81,1,11,0,14340
68,1,13,1,29000
82,0,7,0,6876
84,0,10,1,16940
69,0,6,1,25000
68,1,13,0,5736
68,0,14,1,48000
88,1,12,0,12000
83,1,4,1,4404
86,0,9,1,18835
91,0,8,1,25200
77,0,14,1,16800
68,1,12,0,8400
82,0,12,1,30000
68,0,12,1,25000
85,1,12,0,6516
68,0,12,0,9600
68,0,14,0,23400
80,1,5,0,7500
68,1,12,1,11273
68,0,12,1,4560
78,1,16,0,20000
68,1,13,0,10092
68,0,8,1,24000
81,0,8,1,12000
93,0,8,1,11400
67,1,12,0,11904
68,1,12,1,31200
84,1,18,1,27000
84,1,8,0,6600
68,0,9,1,18000
85,1,14,1,14400
68,0,16,1,26000
68,0,8,0,7428
65,1,7,0,5700
68,0,12,1,19200
82,1,6,0,5880
68,1,8,1,15588
94,1,8,0,7200
68,0,12,1,29100
68,0,12,1,420000
68,0,17,1,75000
68,1,16,1,36000
68,1,18,1,18000
68,1,12,0,15000
90,0,9,0,14000
84,0,11,0,9500
68,1,6,0,4140
68,0,12,1,34000
77,0,14,1,25000
86,1,8,1,27060
82,0,8,0,19500
83,1,9,0,9456
68,1,12,0,20000
85,1,9,0,9600
79,0,12,0,24000
88,1,12,0,10800
68,1,12,1,5808
68,1,13,1,22000
68,1,7,1,14000
80,1,15,1,53611
69,0,13,1,12000
68,1,12,1,72000
68,1,5,1,7668
70,1,17,0,65000
87,1,10,0,6240
89,1,9,0,6072
68,0,16,0,30000
68,1,10,1,11856
83,1,10,0,17000
78,0,13,1,41000
83,1,12,0,14400
76,0,12,1,35000
76,0,12,1,18348
80,0,12,1,30000
70,0,5,0,10020
87,0,3,0,7920
68,1,17,1,120000
82,1,12,0,15600
86,0,15,0,15600
80,1,8,0,5592
68,1,12,1,17400
85,0,12,1,9516
82,0,18,0,45000
77,1,12,0,5964
93,1,8,0,7980
78,0,8,1,20220
68,0,10,1,20400
67,0,8,0,9468
68,0,12,1,10800
68,1,13,0,10800
80,1,12,0,16569
68,1,12,1,30000
68,1,12,0,11900
83,0,6,0,21600
83,1,7,0,26880
91,1,9,0,13800
68,0,12,0,28000
68,0,12,1,36000
84,1,13,0,8652
81,0,9,1,15600
68,1,12,1,12000
82,1,8,0,15600
79,0,16,1,100000
78,1,8,1,25200
84,1,9,0,5400
83,0,16,1,40000
77,0,12,1,25000
83,1,10,1,11100
88,1,4,0,10500
68,0,14,0,35000
80,1,8,1,23700
68,1,12,1,19900
68,0,10,1,35000
68,1,13,0,19000
68,1,12,1,24000
81,1,12,0,6792
68,0,13,1,22000
81,1,12,0,6996
68,1,9,0,14000
80,1,7,0,10092
68,1,11,1,32538
68,0,12,1,36000
68,1,16,1,42000
90,0,6,0,7212
84,0,8,1,14400
71,0,3,0,10320
80,0,18,0,45000
65,0,12,1,16000
68,1,8,0,15468
68,1,11,1,4000
82,1,8,0,6060
68,0,10,1,29000
80,0,12,1,19200
68,0,12,1,21600
68,0,18,1,65000
84,0,7,0,6732
76,1,16,1,38919
68,0,12,1,12177
77,1,12,1,6084
68,0,8,1,12000
68,0,9,1,22000
93,1,5,0,4000
86,1,16,1,11220
78,0,13,0,16800
82,1,6,0,7800
68,1,12,1,18000
68,1,12,1,43200
79,1,8,0,8556
80,1,9,0,5880
78,0,12,0,25000
67,0,11,0,9745
69,0,16,1,50000
68,1,13,1,12000
78,0,9,1,13320
91,1,12,0,5400
95,1,8,0,8028
65,0,18,1,55743
82,1,12,1,19000
76,0,12,1,9900
85,1,8,0,150000
68,1,14,1,6276
78,0,11,1,10320
77,0,6,0,7884
79,0,11,0,7932
68,1,16,0,46000
68,1,1,1,8436
68,1,12,1,14400
84,0,3,0,10344
68,1,14,1,40000
82,0,4,1,9192
81,0,18,0,40000
83,0,7,0,14400
68,1,12,1,40000
81,1,16,1,38000
68,1,18,1,85000
68,0,8,1,25000
78,0,10,1,23700
68,1,10,1,25000
78,1,1,0,7200
82,0,12,1,11880
85,1,9,1,15600
84,1,9,1,19560
80,1,12,0,25000
87,1,6,0,5736
68,1,11,1,13200
68,1,12,0,15600
79,1,12,0,21529
76,1,12,0,48000
68,1,6,0,7446
68,0,18,1,55743
78,1,11,0,7200
79,1,16,1,70000
81,1,10,0,5472
68,1,13,1,23000
77,0,12,0,18000
91,1,16,0,14400
68,1,12,0,6769
68,0,14,1,31032
76,0,18,1,55000
86,0,10,0,23000
80,1,16,0,11184
84,1,10,0,13404
90,1,1,0,4000
68,0,11,1,20000
86,0,10,1,45000
71,1,8,1,9636
78,1,2,1,32400
68,1,5,0,8004
93,1,12,0,12000
97,1,8,1,8040
84,1,10,0,8280
68,1,13,1,32400
85,1,4,0,6300
68,1,12,1,14436
81,1,12,0,11000
68,0,14,1,50000
79,0,4,0,20400
84,1,9,0,14000
77,0,13,1,27000
68,0,9,1,30000
80,0,18,1,250000
97,1,8,0,7200
80,1,8,0,12445
79,1,12,1,48000
88,1,12,0,9000
79,0,12,0,48000
83,1,12,1,16731
80,1,12,0,9600
77,0,6,1,20400
83,1,14,1,40000
85,1,9,0,8000
83,1,6,1,4000
78,1,9,0,8040
78,1,11,1,24000
88,1,9,0,15252
84,1,12,0,12000
78,1,11,0,6636
83,0,7,1,13584
78,1,16,0,22836
80,0,8,1,18000
86,0,2,1,12000
76,1,12,1,32400
70,1,17,0,20400
83,1,9,1,12000
86,0,8,0,16104
90,1,9,0,6960
84,1,14,1,6804
82,0,4,0,6120
75,1,2,0,4800
81,1,12,1,8700
87,0,15,1,30000
82,0,8,1,14736
88,1,10,1,9876
79,1,13,0,18000
87,1,9,0,4000
85,0,12,1,94032
79,1,12,0,9492
77,0,12,1,21600
99,0,9,0,8304
88,1,4,0,8340
81,0,8,1,25000
77,1,8,0,6648
85,0,16,1,50000
89,0,5,0,11000
81,1,9,1,12000
81,0,12,1,27600
92,0,9,1,27304
82,1,8,1,9480
84,1,11,0,6036
83,1,18,1,29000
84,1,12,0,40000
82,1,8,0,9000
93,1,16,0,17568
85,1,12,1,41184
88,0,12,1,47000
79,1,3,0,5856
79,1,14,1,4000
85,0,2,0,5820
69,0,9,1,14160
72,1,13,1,11280
79,1,18,1,60000
73,0,7,0,10920
82,1,9,0,4000
71,1,13,0,35000
68,0,10,1,25000
95,1,8,0,5640
69,0,12,1,112000
75,1,12,1,15000
79,0,8,1,22692
69,0,17,1,40000
69,0,18,0,88000
81,1,16,0,13200
87,1,15,0,18000
89,1,12,0,4800
78,1,12,0,14000
79,1,9,1,12600
81,0,8,0,13920
74,1,8,0,14124
68,1,13,1,35000
70,0,14,1,27000
73,1,16,1,30000
93,0,9,1,19200
70,0,14,1,48000
89,1,12,0,8496
89,0,16,1,40000
73,1,13,1,48000
75,0,14,1,50000
87,1,12,0,25200
81,1,14,0,13200
85,1,13,0,20000
80,0,12,0,5724
92,1,13,0,41737
82,1,6,1,5796
80,1,13,0,14400
81,1,12,0,9612
74,1,12,1,60000
91,1,16,0,7800
71,0,12,1,24000
77,0,12,0,26000
83,1,13,0,7644
82,1,18,0,7200
91,1,14,0,20052
87,0,12,1,21762
82,1,12,0,5880
78,0,12,1,14400
85,1,12,0,4000
88,1,12,0,7800
84,0,8,0,5580
71,0,13,1,30000
77,1,12,1,20000
79,1,12,0,10248
67,1,17,0,27600
84,1,16,0,50000
69,1,16,1,65000
87,1,13,0,18056
90,1,15,0,6480
79,1,11,1,15000
69,0,8,0,6624
68,0,14,0,20000
77,1,3,0,7200
71,1,12,1,48000
95,1,9,0,6840
86,1,16,0,20400
75,1,8,1,12000
85,1,9,0,24000
84,1,12,0,12234
87,1,1,0,5040
70,0,12,0,14400
77,1,11,0,18242
76,1,14,0,6132
75,1,8,0,11000
68,0,14,1,28020
70,0,12,1,22800
76,0,7,1,27060
68,1,14,1,12817
91,1,12,0,16800
70,0,9,1,13200
69,0,12,1,19128
72,1,14,1,32400
92,0,7,0,18000
83,1,9,1,11100
83,0,10,1,14400
80,0,12,1,39800
66,0,3,1,6000
90,0,14,1,70000
90,1,14,0,28200
83,0,14,0,50000
69,0,8,0,18000
75,1,8,0,12000
81,1,8,0,6048
71,1,16,1,40000
95,1,10,0,9000
81,0,4,1,11916
80,0,8,1,24500
75,1,9,1,19200
68,0,8,0,36000
69,0,18,1,70000
86,0,8,1,11400
83,1,12,0,5688
68,0,12,1,30000
79,0,8,1,30000
72,0,14,0,23900
67,0,12,1,33000
70,0,16,1,22200
92,1,12,0,25000
80,1,11,0,9120
68,0,8,1,21000
82,1,12,0,13470
68,1,8,1,13142
90,1,8,0,6000
75,1,12,0,8400
81,0,11,1,35000
72,1,15,0,20400
68,1,10,0,6648
77,1,13,1,30000
80,0,12,1,4332
72,0,8,1,20400
97,1,6,0,4200
86,1,18,0,29000
72,0,8,0,12000
88,1,3,0,7008
69,1,11,1,11400
82,1,12,0,6840
71,1,1,0,9360
74,1,9,1,20600
78,0,5,1,10000
79,1,1,0,14000
90,1,15,0,9060
86,1,14,0,20400
72,1,8,0,4000
82,0,12,1,15600
72,1,12,1,28800
81,1,9,0,13200
94,1,9,0,44434
85,1,9,0,8184
75,1,13,0,8928
67,1,8,1,22800
67,1,7,1,17484
90,0,12,1,18000
88,0,12,1,27304
71,1,11,0,7788
96,1,13,0,7020
74,0,9,1,20000
67,0,14,1,38000
67,1,12,0,9600
80,1,12,0,5600
93,0,8,1,27600
82,1,8,1,35616
77,1,1,0,11162
75,0,10,0,8100
80,1,16,1,50000
81,1,9,0,13392
70,1,14,0,12000
72,0,1,1,7288
75,0,12,1,60000
67,1,10,0,4000
69,0,12,1,20000
83,1,8,0,7140
70,0,18,1,120000
72,0,12,1,24277
69,0,17,1,48000
68,1,10,0,6096
72,0,10,0,10992
81,1,12,1,30000
72,1,14,0,13800
88,1,12,0,4000
68,0,18,1,42000
80,0,12,0,7656
86,1,7,0,10200
94,1,9,0,9960
82,1,13,0,14400
82,0,10,1,16800
82,0,9,1,60000
83,0,11,1,18600
80,1,8,0,9000
69,1,13,1,65500
70,0,15,0,12000
89,1,9,0,12300
83,1,12,0,4000
86,1,9,1,4000
75,0,16,1,22000
75,1,9,1,36000
85,1,12,0,17500
76,0,12,0,40000
80,1,8,1,29700
68,1,12,1,14400
77,0,14,1,45000
87,0,9,0,5009
74,0,11,1,18000
84,0,6,1,10800
79,0,12,0,11700
78,1,11,0,5784
82,0,16,1,24000
99,1,7,0,5000
82,0,8,1,30000
82,1,8,0,6708
67,0,8,1,10320
70,1,8,0,14400
82,1,11,0,8736
68,0,4,1,8787
84,1,8,0,4000
83,1,9,0,6720
70,1,9,1,14400
69,1,15,0,10500
79,0,8,1,24000
69,0,12,1,10200
75,1,9,0,7716
83,0,9,1,18600
68,1,12,1,38000
67,0,12,1,21000
72,1,12,1,25291
83,1,9,0,7416
67,0,16,1,25000
81,1,9,0,5616
74,1,2,0,6156
72,0,7,1,21600
75,0,8,1,15600
99,1,12,0,6996
88,1,9,0,6036
85,1,13,0,10800
67,1,7,0,5736
83,0,12,1,12000
86,1,12,0,12000
77,1,14,0,17484
74,1,15,1,80000
94,1,8,0,8352
68,0,10,1,21528
67,1,13,1,30000
88,0,9,1,12000
85,0,18,0,15600
72,1,14,1,35000
70,0,14,1,50000
90,1,7,1,28800
77,1,8,0,6384
68,0,12,1,13200
79,0,9,1,10000
79,1,16,0,16800
92,1,3,0,7488
78,0,15,1,32400
67,0,12,1,7680
74,1,16,0,14100
68,0,6,1,13800
68,0,6,1,9456
85,0,12,1,19000
79,1,9,0,10265
70,1,12,1,24000
87,1,10,0,22000
95,0,9,0,4000
76,0,12,1,20000
85,1,12,1,45000
72,0,18,1,16800
79,1,5,0,12000
68,0,8,1,37800
88,1,11,0,6120
74,1,7,1,19200
73,1,8,0,7236
72,1,11,0,8640
74,1,10,1,20400
75,0,12,0,4000
69,1,14,1,20400
79,1,12,1,4000
68,1,12,1,38400
72,1,14,1,16000
76,1,10,1,16800
73,0,14,1,19200
73,0,12,1,26000
71,0,16,1,27000
74,1,14,1,24000
66,0,11,1,19000
75,0,12,1,15000
76,1,8,0,4720
88,1,10,0,9000
74,0,12,1,23000
78,1,12,1,15600
70,1,14,0,11903
85,1,9,0,5600
74,1,10,1,24000
82,1,12,0,22236
76,1,12,0,13200
74,1,2,0,5880
77,0,3,1,9420
75,0,10,1,28000
72,0,8,1,32643
80,0,16,1,10392
86,1,17,0,20000
72,1,8,0,20000
90,0,6,0,7200
73,1,12,1,15600
82,1,12,0,9600
76,0,8,0,16080
73,1,13,1,8640
81,1,13,0,45000
87,0,12,1,24000
67,0,12,1,15600
88,1,10,0,9300
76,1,14,0,7668
86,1,14,1,15468
71,1,12,1,14000
79,1,7,0,7800
73,0,1,0,6144
75,1,12,0,14000
67,1,10,1,10266
72,1,12,0,15000
84,0,2,0,10464
74,0,8,1,12000
68,1,13,1,48000
79,1,2,0,5280
82,1,10,0,9420
83,0,18,0,50000
69,1,14,0,16800
72,0,11,1,22000
70,1,8,0,14400
86,0,6,1,17160
88,1,9,0,11148
82,0,9,0,13000
67,0,12,1,10000
68,0,12,1,50000
82,1,8,0,8340
83,1,11,0,12000
66,0,11,1,11160
82,1,12,0,4000
78,1,15,0,30000
67,1,12,1,100000
81,1,11,0,15600
88,1,6,1,14040
68,0,13,1,35000
79,1,12,0,10452
86,1,16,1,20000
90,1,9,0,4000
68,0,10,1,10056
72,0,7,0,10000
74,1,9,0,5000
72,1,8,1,22000
72,0,12,1,21600
77,1,17,0,16632
78,0,11,1,29000
94,1,14,0,15480
79,0,14,1,43200
83,1,10,0,9600
77,1,11,1,47964
87,0,13,0,63000
75,1,13,1,80000
86,1,6,1,8040
77,0,8,1,9240
68,1,7,0,8340
69,1,10,0,9000
81,1,12,0,28000
71,0,12,1,15000
67,0,14,1,65380
73,0,12,1,35000
98,1,9,0,4000
78,0,12,1,19200
69,0,8,0,18000
67,1,12,1,31000
65,0,14,0,4000
73,0,12,1,32000
67,0,12,1,20000
83,1,8,0,5856
68,0,12,1,28000
82,0,16,1,28000
77,0,14,1,35000
67,0,14,1,35000
72,0,1,0,8196
87,1,6,0,8400
71,1,11,1,69100
66,0,10,0,5976
72,1,12,0,12066
80,1,12,0,19000
75,1,3,0,8400
67,0,10,1,13200
83,1,14,0,9000
75,1,5,0,4000
70,0,14,1,20000
80,1,5,0,4800
81,1,10,0,18000
70,1,5,0,5760
75,1,6,1,10200
83,1,14,0,24000
91,0,16,1,29000
82,1,17,0,19000
73,1,15,1,66000
70,1,12,1,23386
74,1,10,0,7536
85,1,9,0,12000
79,1,8,1,22000
88,0,5,1,45000
83,1,5,0,15444
75,1,12,1,25000
93,1,9,0,5697
83,1,12,0,6000
73,0,16,1,50256
86,1,4,0,10284
88,1,9,0,8784
70,0,2,1,40000
93,1,10,0,5880
78,0,7,1,120000
86,0,8,1,18000
67,1,14,1,36000
70,0,9,1,4000
86,0,5,1,9120
74,0,8,1,18000
70,1,3,1,18540
85,0,16,1,18000
69,1,16,1,35000
78,1,10,0,9708
68,1,10,1,24000
82,0,12,0,25601
80,1,8,0,27216
85,1,14,0,24000
79,1,1,0,11040
71,1,15,1,36000
93,0,9,0,5148
77,0,11,0,16800
78,1,12,1,40000
94,1,9,0,70045
88,0,10,0,8760
73,1,14,1,49000
79,0,7,1,19033
70,1,8,1,24981
68,0,12,0,7800
84,1,10,0,4000
68,0,7,1,16200
77,0,7,0,9600
75,1,12,0,8735
86,1,12,0,9000
81,0,12,1,50000
89,0,8,1,12000
98,1,10,0,12000
67,1,12,0,25601
74,1,12,0,28440
69,0,15,0,4000
68,1,12,1,16500
76,0,18,1,12000
72,0,11,1,14316
79,1,12,0,14400
81,1,1,0,5760
73,0,9,0,8364
69,1,14,1,12000
92,0,9,1,21640
85,0,8,1,18312
69,1,13,1,30000
70,1,11,0,23000
68,0,18,1,53235
73,0,12,1,20640
85,1,9,0,6300
95,1,16,0,9600
87,1,4,0,4812
84,1,15,0,28200
80,0,12,1,27500
89,1,10,0,4000
77,1,1,0,5328
82,0,2,0,4800
84,1,13,0,8101
67,1,14,1,32000
67,0,16,1,75000
81,0,2,1,15240
92,0,18,1,21600
67,1,11,1,29770
76,0,10,1,12000
89,0,9,0,10200
71,1,12,1,18000
73,0,16,1,65000
82,1,12,1,6456
81,1,10,0,84120
87,0,12,0,17376
81,0,3,1,12840
76,1,9,0,8500
70,1,9,0,4000
83,0,1,0,5520
77,0,12,1,23000
68,0,12,1,18000
82,0,17,1,27000
97,1,9,0,5400
84,1,10,0,6912
83,1,8,0,8856
83,0,9,1,7272
89,0,7,1,14400
77,1,12,1,14000
77,0,2,1,5256
99,0,9,0,14000
68,1,14,1,15000
88,1,9,0,5880
86,1,8,0,6000
75,1,8,0,5496
95,1,8,0,13200
94,0,9,1,13000
73,1,9,0,4452
91,0,8,1,14000
88,0,8,1,25000
82,1,10,0,5940
82,0,8,0,6000
87,1,4,0,5712
78,0,5,1,16800
79,0,18,1,48000
69,1,1,0,31000
73,1,17,1,45000
74,1,16,1,79272
85,0,12,1,10548
93,1,16,0,8100
72,1,12,1,38000
71,0,10,1,13800
65,0,8,1,14904
80,1,6,0,7392
74,1,7,0,6504
79,0,12,1,15000
82,0,8,1,9600
81,0,14,1,27600
77,1,12,0,15000
84,0,12,0,48000
83,0,7,0,9060
84,0,8,1,25000
67,0,9,1,19068
98,0,9,0,5736
80,1,12,0,6996
78,0,8,0,12000
76,1,4,0,5496
88,1,8,0,8004
67,1,13,0,21600
79,0,8,1,10200
90,0,13,0,50000
83,1,6,0,9456
89,1,13,0,7757
77,1,9,0,5424
82,1,11,0,11760
86,0,9,0,11220
95,1,12,0,4000
84,1,14,0,20400
90,1,8,0,8340
80,0,4,0,8160
72,1,12,1,24000
71,1,18,0,22800
68,0,16,1,50000
70,1,13,1,75000
88,1,9,0,4032
94,0,6,0,11448
70,1,11,1,35000
75,0,14,1,24000
68,1,14,0,14000
77,0,16,1,160000
87,0,12,0,48000
93,1,18,0,44434
74,1,11,1,18600
71,1,10,0,5772
75,1,11,0,15000
72,1,12,1,20400
89,0,7,0,14400
82,1,8,0,10000
80,1,9,0,7200
71,1,9,0,10261
81,1,16,0,21852
69,0,14,1,13716
80,1,15,0,10272
81,1,1,0,4000
80,1,12,0,10800
77,0,12,0,17268
67,1,12,1,50000
70,0,12,1,51000
85,0,12,0,11700
83,1,7,0,5088
73,1,14,1,25000
68,1,8,1,12906
72,0,14,1,18000
68,1,11,0,48000
95,0,8,0,7500
76,0,5,0,7080
67,0,12,1,13200
90,0,16,1,26400
72,1,12,1,15562
68,1,12,0,27600
88,0,12,0,7200
87,1,6,0,4200
77,1,8,1,22772
68,0,8,1,24000
80,1,12,1,20000
73,0,9,1,24000
81,0,1,1,5160
74,1,12,1,24000
80,1,14,1,35000
80,1,16,0,30000
90,1,8,0,5610
92,1,11,0,12000
72,1,7,0,5880
67,0,12,1,7020
71,1,12,1,18000
84,1,9,0,4000
68,0,10,1,9300
89,0,18,0,14400
82,1,18,0,60000
71,0,9,1,24000
76,1,16,0,13200
68,0,12,1,27600
83,1,9,1,10000
81,1,8,0,24564
84,0,10,1,40000
72,1,14,1,18000
79,0,9,1,5628
69,0,16,1,50000
74,1,12,0,8568
90,1,14,0,9552
70,0,11,1,40000
87,1,11,0,6108
81,0,2,1,8544
72,1,3,0,33000
96,1,12,0,4000
74,1,12,0,15600
67,0,2,1,5640
90,1,12,0,11520
74,0,11,1,36000
77,0,11,1,21432
72,0,12,1,18000
67,1,11,1,7200
92,1,8,0,4000
89,1,1,1,8232
82,0,7,1,9828
94,1,16,0,4000
71,0,13,1,72000
81,0,7,1,14400
78,0,18,1,95028
82,1,10,0,4800
90,1,16,0,40000
75,0,12,1,18000
76,1,12,0,17000
70,0,18,1,70000
69,1,12,0,12000
69,1,7,1,9768
75,0,12,0,11813
77,0,2,1,10000
75,0,12,1,19572
83,1,8,0,11500
90,0,8,0,15600
68,1,14,0,50000
76,0,18,1,43000
68,0,10,1,22800
67,0,12,0,12000
88,1,12,1,26301
81,1,13,1,25000
88,1,9,0,7201
84,0,13,0,14400
81,1,16,0,4000
81,1,14,0,12000
79,1,18,0,13200
93,1,9,0,6672
67,1,14,1,24000
75,0,12,1,13200
84,1,14,0,6000
83,1,16,0,11244
83,1,7,0,7200
76,0,9,0,14000
88,0,9,0,13200
92,0,15,0,16800
77,0,8,0,17000
72,1,12,0,25000
76,0,12,0,18000
81,0,13,1,20000
90,0,4,0,9600
66,0,2,0,16800
93,1,12,0,7757
89,1,15,0,9060
72,0,7,1,5424
81,1,13,0,30000
82,1,10,0,11016
68,0,12,1,22800
81,0,3,1,7932
81,0,10,1,22536
73,0,16,1,750000
96,1,9,0,5880
65,0,12,1,24000
69,1,8,0,5000
65,0,12,0,11544
69,1,12,1,17000
71,1,16,1,48000
70,0,15,1,36000
83,0,14,0,28000
78,1,9,0,9288
70,1,13,1,25200
87,1,14,1,6000
73,0,12,1,24000
83,0,2,0,4000
68,0,12,1,27000
87,0,12,0,10200
75,1,12,0,18000
68,1,9,0,9600
87,1,12,0,13200
92,1,7,0,6636
76,0,9,1,144000
89,1,8,0,10000
78,1,12,0,18000
68,1,8,1,19200
67,0,12,1,22959
85,0,12,1,24000
70,0,1,0,4800
76,1,14,0,9600
73,1,10,1,7680
82,1,7,0,7884
89,1,16,0,7900
79,1,11,1,16800
92,1,9,0,30000
80,0,3,1,13200
83,1,12,0,6576
79,1,12,0,6600
68,0,12,0,12000
91,1,9,0,7512
71,1,8,0,20400
88,1,16,1,37500
79,0,12,1,10200
90,1,15,0,16392
89,1,8,0,7597
73,1,8,0,6132
87,1,1,1,4000
93,1,12,0,6600
68,0,12,1,50000
70,0,12,1,27600
91,0,1,1,12960
91,0,6,0,8028
79,0,14,1,27000
81,1,12,0,14400
90,1,8,0,16940
80,1,12,0,5628
91,1,9,0,5760
71,1,13,1,36314
85,0,8,1,5520
80,0,8,1,13200
67,1,12,1,30000
69,1,12,0,18000
70,1,12,1,9900
69,0,17,1,49000
76,1,16,1,28800
71,0,12,1,20179
91,0,13,0,6816
80,1,9,1,29400
67,0,13,1,26400
85,0,9,0,30000
72,1,12,1,35000
89,1,12,0,9540
74,0,3,1,26172
69,1,12,1,30000
80,0,8,1,20400
78,1,11,0,9480
76,0,1,0,6672
68,1,13,0,11000
76,1,12,0,14400
83,0,12,1,17000
74,0,16,1,30000
66,1,7,0,4992
75,0,10,0,20400
72,1,16,1,25000
76,1,9,0,7200
69,0,9,1,11000
76,1,16,1,4000
76,1,11,0,8400
75,1,9,0,5364
69,0,12,1,19000
80,1,9,0,8736
77,1,9,0,6444
76,0,9,1,8820
82,1,17,0,22800
78,1,12,1,13200
87,1,16,0,12000
67,1,9,0,7140
90,1,12,0,6769
65,0,12,1,19200
85,1,3,0,5964
77,1,11,0,4000
85,0,1,1,15600
91,1,12,0,190000
76,1,12,1,27027
69,0,4,0,4020
81,1,12,1,30000
74,0,12,1,26000
79,0,6,1,29000
77,1,14,1,60000
71,0,12,0,29000
79,1,11,0,13800
77,1,10,0,9600
88,1,18,1,12000
93,1,7,0,10032
70,0,12,1,23000
89,0,8,0,18000
86,0,8,1,12000
68,0,16,1,40000
69,1,12,1,26000
76,0,14,0,6000
74,0,16,0,60000
68,0,18,1,92000
80,1,17,1,20400
87,1,3,0,6210
77,1,7,1,82476
73,0,18,1,79000
81,0,17,1,150000
81,0,14,1,31200
74,0,12,1,14172
67,0,6,1,9096
100,1,14,0,4000
82,1,11,0,13000
81,1,14,1,20400
75,1,17,0,25000
85,1,8,0,6348
95,1,9,0,5600
79,0,12,1,19000
72,0,12,1,30000
75,1,14,1,25000
76,1,12,0,8460
83,1,8,0,11400
89,0,12,1,15000
68,0,9,0,20000
79,1,14,1,160000
77,1,12,0,15000
74,0,9,1,4000
67,1,12,0,15000
72,1,13,0,33600
67,0,16,1,40000
80,0,14,1,40000
82,1,12,1,19200
68,1,16,1,24000
87,1,12,1,20000
69,1,12,1,19200
78,0,10,1,21000
83,0,7,1,8400
67,0,16,1,65000
89,1,12,0,8400
80,1,6,0,15840
81,1,9,0,18000
75,0,18,1,40000
69,1,12,0,16800
82,1,9,0,12420
69,1,18,1,100000
69,1,13,1,36000
91,1,9,0,6180
82,0,6,1,16800
75,1,12,1,30000
70,1,12,0,20000
65,0,7,0,24000
78,1,11,1,23904
86,1,16,0,26691
89,1,9,0,7300
82,0,6,0,14340
80,1,18,0,45000
84,1,12,0,25000
74,1,12,1,60000
77,1,10,0,8304
76,0,11,1,15960
86,1,10,0,9828
89,1,8,0,5640
82,0,12,0,6708
91,1,8,0,6348
68,1,8,0,5448
69,0,5,1,25200
75,0,12,1,25000
73,1,14,1,9600
70,1,12,0,10212
80,1,9,0,6516
86,1,14,0,10008
68,1,12,0,6456
78,1,12,0,12000
68,1,16,0,10000
79,1,15,1,4000
68,0,4,1,14400
86,0,9,0,13800
67,0,16,0,7080
83,0,11,1,9636
71,0,16,1,27000
88,1,10,0,4800
69,1,12,1,20400
95,1,9,0,7608
68,0,16,0,30444
67,0,12,1,6000
75,0,16,0,48000
81,1,10,0,12000
87,1,4,0,5652
72,0,12,1,24000
81,1,5,0,5880
68,1,16,1,24000
81,0,7,1,21000
73,0,12,1,14772
76,1,9,1,17580
97,1,8,0,9600
92,1,9,0,8340
87,0,4,0,8736
77,1,14,0,8824
73,0,12,1,17400
80,1,12,0,14000
65,0,9,1,16741
74,1,6,0,5364
68,1,15,1,30000
67,1,5,1,21372
67,0,12,1,52866
68,1,8,1,20000
75,0,12,1,24000
87,0,1,1,18150
71,1,14,0,30000
71,1,12,1,35000
67,1,15,1,16800
67,1,9,1,7560
76,1,8,0,6240
68,0,12,0,50000
87,0,16,0,20000
69,0,11,0,19000
79,1,10,0,13932
75,0,8,0,5832
90,1,12,0,5760
67,0,3,1,9108
84,1,12,0,8028
69,1,13,0,24000
80,1,12,0,4000
80,0,12,1,13872
73,0,12,1,41623
81,0,6,0,7476
81,0,13,1,22000
91,1,18,0,26000
78,1,11,1,22500
83,0,18,1,33685
85,1,8,0,31000
92,1,11,0,7200
70,1,12,1,30000
72,0,14,0,39804
84,0,18,1,27000
94,0,1,0,4000
69,1,12,0,9000
74,1,9,1,5184
70,1,12,1,12504
85,1,12,0,20400
74,0,13,0,35000
81,1,7,1,4800
80,1,10,0,6012
83,0,8,1,18600
83,1,1,0,7092
75,0,9,0,8196
86,1,6,0,4368
73,1,12,0,6888
78,1,13,1,12000
85,1,16,0,20000
88,1,9,0,18803
78,1,8,0,8400
84,1,16,0,4800
72,1,12,0,21600
76,0,16,1,15600
78,0,16,1,60000
74,1,8,1,15600
80,0,16,1,25000
77,1,12,0,20000
71,1,6,0,8400
73,0,16,1,39000
77,1,12,0,11772
90,1,6,0,13200
93,1,12,0,5700
84,1,8,0,4464
80,1,12,1,22536
76,1,12,0,42000
88,1,9,0,5736
69,0,18,1,28800
68,0,7,1,18000
82,0,2,1,65000
77,0,15,1,30000
77,1,4,0,6204
85,1,9,0,13200
79,1,11,0,10176
73,1,12,0,14225
73,0,16,1,30000
83,1,12,0,25000
75,1,9,0,12000
76,0,12,1,14500
74,1,12,0,13350
73,0,12,1,15996
87,0,8,0,150000
69,0,1,1,10800
74,1,12,0,6180
78,1,12,0,7164
83,1,12,0,16000
81,0,16,1,35000
71,0,15,1,36000
85,1,16,0,21888
78,0,10,1,13200
78,1,12,0,14000
83,1,8,1,12912
81,0,9,0,6372
86,1,12,0,8000
87,1,12,0,50000
90,0,9,1,4800
74,1,14,0,12000
70,1,12,0,13000
85,0,12,0,11100
79,1,12,1,42000
81,1,16,1,8640
86,0,12,0,30000
93,1,12,0,4000
82,1,12,0,12000
81,1,12,0,11000
82,1,12,0,10464
95,1,9,0,5616
97,0,7,0,9600
71,1,15,1,20000
88,1,14,0,6096
83,1,8,0,12588
80,1,10,0,10656
82,0,14,1,42000
71,1,12,1,22000
71,1,12,1,36000
70,1,13,1,15600
75,1,14,1,45000
81,1,10,1,18000
70,1,9,0,10785
69,1,12,1,16644
70,1,12,1,30000
81,1,10,0,15000
67,1,12,1,68000
68,0,12,1,16200
81,1,8,0,6000
94,0,9,0,4000
86,0,17,1,90000
90,1,8,0,5880
71,1,12,1,11700
85,1,10,0,5880
75,1,12,1,49600
77,1,8,0,8520
78,1,13,1,70800
73,1,12,0,7000
72,1,12,1,14400
94,1,11,0,5736
77,1,8,0,4000
87,0,7,1,14928
67,1,12,1,19200
88,1,3,0,16800
83,1,6,0,5820
70,0,16,1,24000
91,1,9,0,6012
68,1,18,1,70000
82,1,10,0,24000
79,1,9,0,8640
70,0,12,1,27000
80,0,7,1,21600
73,1,12,1,25000
82,1,14,0,27905
81,1,9,0,4644
74,1,14,0,8784
67,0,15,1,27600
77,1,18,1,70000
79,0,18,1,67000
69,1,12,0,19353
75,0,12,1,20400
84,1,8,0,7440
76,0,18,1,33000
79,0,8,1,26400
85,0,12,1,37500
83,1,16,0,13200
70,0,12,1,30000
78,1,12,0,13000
72,1,14,0,25308
84,1,13,1,23000
83,0,10,0,10000
68,0,12,1,40000
68,1,10,1,36000
72,0,18,1,40000
68,1,12,1,24000
69,1,11,0,15600
84,0,14,1,20000
68,1,6,0,50000
82,1,8,0,9600
82,1,12,0,26172
74,0,12,0,14662
69,0,16,1,40000
92,0,14,0,26400
81,1,16,1,70000
72,0,12,1,23448
82,1,6,1,30144
93,1,8,0,7776
71,1,12,0,14000
70,1,11,0,5808
70,1,13,0,36000
69,1,18,0,43000
81,0,18,1,250000
83,1,14,0,9000
70,1,12,0,15600
78,0,3,1,6960
75,1,16,1,60000
71,0,12,1,12000
80,1,12,0,4538
69,1,12,1,68916
77,0,3,1,16512
92,1,8,0,13000
72,1,15,0,20000
70,1,14,1,6000
68,0,16,1,22000
78,1,8,0,10000
83,0,6,0,15600
82,0,17,1,6000
67,1,9,1,22000
70,0,12,1,13200
72,1,15,1,21000
78,0,1,1,11095
67,1,16,1,50000
70,1,8,1,21600
69,1,12,1,48000
69,1,12,1,30000
80,1,12,1,20000
68,0,15,1,125000
78,0,7,1,21000
80,1,8,1,6500
83,1,10,0,4000
68,1,8,1,21600
92,1,9,0,16800
83,1,18,0,23000
68,1,13,1,18000
94,1,1,0,8640
79,0,10,1,45000
89,1,2,0,6144
88,1,16,0,15444
72,1,15,1,45000
69,1,14,0,11604
85,0,6,1,20721
74,0,16,1,43700
70,0,6,1,20184
71,0,16,1,45000
74,0,9,0,5616
86,0,9,1,5820
94,1,3,0,5652
76,1,12,1,30000
86,1,12,0,7140
65,0,14,0,6204
76,0,9,1,24000
82,1,11,0,8600
67,1,8,0,7320
77,0,16,1,30000
79,1,9,1,8736
80,1,14,0,21000
69,1,14,1,30000
85,0,8,0,7488
69,1,11,1,30000
70,1,12,1,15348
87,0,12,1,18000
72,0,12,0,30000
87,0,12,1,18000
82,1,10,0,6732
79,0,12,1,30000
67,0,12,1,9600
70,1,12,1,46800
83,0,12,0,6000
70,1,12,1,60000
69,1,11,0,16200
81,1,10,0,9036
82,1,11,0,21600
84,0,12,0,24000
80,1,12,0,32400
74,0,8,1,20000
87,0,12,1,14400
77,0,12,1,36000
68,0,16,1,22800
68,1,4,0,7012
79,0,17,1,100000
84,0,4,0,4000
67,1,15,0,14000
90,1,8,0,4044
75,1,12,0,10188
89,1,8,1,11976
81,1,8,0,6276
73,1,8,1,24000
72,0,12,1,15110
67,1,4,0,5424
84,1,16,0,18588
68,1,11,0,4000
82,0,9,0,8400
84,1,12,0,21921
72,1,9,0,12000
92,1,12,0,29544
77,0,8,1,18000
67,1,14,1,40000
73,1,12,1,39000
78,0,7,1,25000
67,0,8,1,9696
77,0,11,1,4000
70,0,16,1,48000
83,0,18,1,30000
69,1,14,1,15000
69,1,18,0,5866
86,1,9,0,10800
69,1,16,1,15600
81,1,10,0,13800
76,1,12,0,11000
67,0,8,1,27060
69,1,12,0,6348
84,1,11,0,7128
79,1,14,0,8208
91,1,8,0,4020
91,1,10,0,11100
73,1,12,1,65000
78,0,1,0,4920
77,1,12,1,38000
79,0,5,0,17280
75,1,16,1,27600
75,0,8,1,12528
72,1,16,0,24000
78,0,14,1,69600
86,0,4,1,4000
92,1,9,0,8004
83,0,14,1,50000
71,1,12,0,20000
70,0,3,1,24000
83,0,11,1,19200
79,1,12,1,7872
86,1,5,0,4000
90,0,4,0,13200
69,1,12,0,11748
87,1,16,0,9924
68,1,12,0,11400
69,0,10,0,8388
81,0,7,1,8232
80,1,8,1,9720
68,1,12,0,8640
70,1,11,0,21600
82,1,6,1,4000
86,1,9,0,14400
80,0,9,1,19200
82,0,12,1,35000
68,1,12,1,38000
77,0,12,1,38000
88,1,8,1,4608
75,0,12,1,45000
78,1,15,0,19200
85,0,8,0,12456
87,0,12,0,25000
83,1,13,0,10116
81,1,12,0,12420
74,1,12,0,12000
73,1,18,0,30000
69,1,6,1,10200
70,0,17,1,33000
66,1,4,0,6420
69,1,12,1,22000
79,1,12,1,18000
91,1,8,0,11880
67,1,16,1,35000
77,0,18,1,28000
82,0,12,1,24000
79,0,12,1,28000
67,1,9,0,6708
80,1,16,0,21000
68,1,12,1,12000
82,1,12,1,24000
80,1,12,0,5820
76,0,1,0,5700
73,0,4,1,14602
87,1,8,0,9500
86,1,6,0,6048
80,1,16,0,20400
72,0,12,0,11280
73,1,8,0,9624
67,0,4,0,6480
95,1,8,0,4000
94,1,12,0,11256
74,0,12,1,24000
72,0,4,0,17280
81,1,12,0,11148
70,0,14,1,43000
77,1,12,0,10000
83,1,12,0,9000
67,1,12,1,23000
72,1,14,1,10800
88,1,12,0,14400
82,0,12,1,100000
77,0,14,1,19000
79,1,17,0,35000
82,0,13,1,35000
73,1,12,0,5880
78,0,10,0,32112
95,1,1,0,73368
93,1,12,0,15922
74,0,12,1,12177
77,1,8,0,5868
74,1,6,1,15600
90,1,16,0,7900
69,1,12,1,14000
72,1,11,1,14826
82,1,9,0,6600
70,0,8,1,45000
67,0,12,1,23000
69,1,13,1,35000
66,1,9,0,7764
68,1,15,0,16000
69,1,15,0,13400
74,0,15,1,20400
73,0,12,0,15828
66,0,12,1,40000
67,1,12,0,13200
71,0,9,0,6012
75,0,8,1,24000
86,1,11,0,6000
88,1,6,0,5000
81,0,12,1,24000
79,1,8,0,4000
84,1,12,1,14000
76,1,17,0,50000
83,1,9,0,6982
75,1,10,1,5580
67,0,12,1,37000
73,1,12,1,30000
85,1,14,0,11184
68,1,12,0,9600
74,1,13,0,8160
72,1,13,0,20000
81,1,12,0,10800
69,0,12,1,30000
84,1,13,0,19200
79,1,12,1,28555
68,1,13,0,23000
80,1,5,0,5400
74,1,8,0,8400
85,0,12,0,13092
71,1,14,1,12000
74,0,12,1,45000
77,1,9,1,5256
71,0,14,1,40000
82,1,18,0,14000
75,0,12,0,25000
85,0,14,1,46000
79,1,12,0,5600
76,0,11,1,21600
71,0,4,1,6000
77,0,8,1,24000
76,0,10,0,9096
78,0,7,1,4000
90,1,8,0,9000
89,0,8,1,14000
80,1,10,0,4800
76,1,15,1,20000
68,0,17,1,60000
90,1,12,0,12000
76,1,12,1,36000
77,1,6,1,30000
84,1,8,0,7200
75,1,12,1,34000
77,1,9,0,12000
86,0,5,0,12000
70,0,14,1,66240
67,1,12,1,36000
69,0,12,0,12540
87,1,8,0,9180
67,1,12,1,32000
67,0,12,1,75000
82,1,12,0,19200
72,1,12,1,26400
76,1,12,1,16536
81,1,12,0,10800
68,1,12,1,9600
73,1,12,0,9600
80,1,14,0,9411
72,0,11,1,29858
91,1,10,0,10800
70,1,4,0,10800
72,0,16,1,24000
94,1,15,0,18000
71,1,12,0,23000
79,0,12,0,27000
72,0,12,1,36000
80,0,11,1,27216
81,0,10,1,10500
83,0,12,1,12000
85,1,9,0,18000
73,0,8,1,24000
88,1,18,0,19000
83,1,12,0,4000
69,0,11,1,23000
76,0,10,1,31500
72,0,4,1,9600
67,1,8,1,9036
75,0,16,0,16500
72,1,12,0,12500
81,0,12,1,40000
67,1,5,0,4000
70,0,9,1,9276
68,0,6,1,10200
89,1,13,0,19872
69,1,4,1,6552
88,1,14,0,25000
71,1,9,0,11825
79,0,9,1,19200
76,0,12,1,42000
70,1,11,1,25000
89,0,12,1,14000
68,0,18,1,40000
73,0,12,1,27351
77,1,12,1,30000
82,1,14,1,10000
74,0,14,1,25200
75,1,8,1,11484
69,1,12,0,4000
92,1,12,0,6612
73,1,12,1,15600
80,1,14,1,30000
83,1,10,0,9120
79,0,7,0,5880
73,0,12,1,22800
77,0,8,1,18000
73,0,9,1,11560
75,0,11,1,18000
82,1,6,0,6513
83,1,7,0,16000
84,1,8,1,12219
69,1,12,1,9000
71,1,12,0,6792
67,1,12,0,20000
91,1,8,0,8400
78,1,12,0,18000
80,1,15,0,41000
85,1,12,0,11475
74,1,16,1,18000
73,0,12,1,35000
67,1,4,0,7548
69,0,7,0,14400
85,1,8,0,10800
87,1,10,0,9600
92,1,16,0,7308
72,1,14,1,40000
70,1,13,1,7140
86,1,16,0,25000
67,0,4,0,4872
85,1,6,0,7740
79,0,12,1,32556
69,1,12,1,15000
91,1,12,0,9600
70,0,12,1,12000
71,0,6,1,14400
83,1,8,0,6216
73,0,9,1,25200
74,0,8,1,27000
71,0,4,1,8880
89,1,12,0,13872
85,0,12,1,43000
80,1,12,0,25000
78,0,8,0,4000
78,1,8,0,5256
72,1,12,1,52866
80,0,13,1,45000
69,0,12,1,24000
91,1,14,0,6000
75,1,10,0,6180
77,1,15,1,60000
84,0,18,1,35000
71,1,9,0,6180
70,1,2,0,19000
93,1,6,0,12000
93,1,9,0,10884
76,0,12,1,18000
85,1,10,0,10680
73,1,8,0,6156
81,0,16,1,20000
82,0,6,0,5232
76,0,6,0,11268
91,1,8,0,9780
71,0,16,1,62200
77,0,10,0,16800
82,1,3,1,7608
83,1,13,0,7032
71,0,12,1,54000
67,1,9,1,30144
81,0,1,1,13560
70,1,17,0,30000
70,0,18,1,47000
74,1,7,1,14400
73,1,8,0,20400
71,1,12,1,75000
69,1,14,1,40000
79,1,9,1,14530
77,1,12,0,14035
67,0,18,1,28000
86,0,7,0,7068
78,1,8,0,9800
80,1,12,0,18178
86,1,8,0,9120
68,0,16,1,80000
65,0,18,1,49652
69,0,10,0,18000
77,0,16,0,20000
93,1,9,0,7800
67,0,12,1,20000
82,1,12,0,13872
83,1,9,0,9240
77,0,9,0,7536
80,1,12,1,14400
83,0,10,0,24000
88,0,14,1,30000
88,1,12,0,12108
85,1,12,1,15000
68,0,14,1,30000
87,1,9,0,12000
82,1,16,1,28800
76,0,18,0,14400
91,1,7,0,9624
85,1,7,0,20820
71,0,6,1,5952
79,1,8,0,6132
79,0,13,0,28000
79,1,14,0,5000
81,1,11,0,5616
90,1,6,0,6396
67,1,9,1,25000
67,1,11,1,21000
84,0,9,1,25000
73,1,8,0,7472
80,1,12,0,7373
67,0,15,1,70000
77,1,14,1,21600
89,1,8,0,12000
93,1,12,0,6456
96,1,11,0,9600
77,0,12,0,21600
83,1,12,0,8160
83,1,12,1,20400
68,1,12,0,30000
75,0,7,1,10800
76,1,6,0,6168
71,1,12,0,10320
77,0,12,1,16536
81,1,15,0,18600
80,1,8,0,6360
82,1,2,0,5280
77,0,16,1,17424
72,0,12,1,24000
69,0,12,1,18000
77,1,10,0,4332
70,1,12,1,19000
85,0,16,1,43700
83,1,12,0,8400
73,1,14,0,23000
81,0,8,1,12200
80,0,12,1,15600
76,1,11,0,23000
88,0,4,1,10548
66,0,14,1,80000
84,0,8,1,22800
66,0,12,1,25000
77,0,14,1,24276
69,0,17,0,40000
67,1,12,0,24000
77,1,11,1,4000
76,0,12,1,18000
85,0,8,0,10800
91,1,9,0,13200
81,0,10,1,25000
85,1,11,0,4000
79,1,1,0,7488
70,1,11,1,12504
85,0,6,1,23000
68,0,12,1,32143
69,0,12,1,11172
84,1,13,0,25000
80,0,4,1,12000
86,1,1,0,7200
85,0,7,1,144000
74,0,3,0,24000
80,1,12,0,14400
74,0,13,1,24000
92,1,8,0,11000
77,0,13,1,35000
82,0,8,1,22168
72,1,12,1,24000
69,1,8,1,15300
79,1,16,1,23940
80,1,12,0,18000
68,0,16,0,65000
73,0,1,0,4764
85,0,4,1,16800
77,0,16,1,17000
72,1,7,1,15600
77,1,7,1,15000
71,0,14,1,15000
67,0,16,1,48000
77,0,8,1,20000
83,1,11,0,14400
74,1,7,1,14700
74,1,12,0,7500
81,1,12,0,7836
73,1,12,0,4716
76,0,9,0,12000
87,1,10,0,14208
88,0,16,1,1000000
84,1,12,1,14400
77,0,9,1,9600
93,1,12,0,13200
79,1,17,0,55000
90,0,16,0,11388
66,1,12,1,24000
71,0,8,1,45000
87,1,8,0,7104
70,0,12,1,14000
79,1,12,1,72000
88,1,14,0,11184
85,1,10,0,9000
77,1,12,1,25000
76,1,12,1,14676
74,1,13,1,45000
71,1,8,0,5076
95,0,12,1,12000
71,0,12,1,35000
80,0,2,0,9120
82,1,8,0,22740
81,0,18,1,90000
80,0,16,1,50000
69,0,11,1,27011
77,0,13,0,25000
74,1,4,0,5304
75,1,12,0,48000
75,1,12,0,15300
81,0,12,1,25000
85,1,6,0,5880
71,0,8,0,25000
67,1,12,1,21600
72,1,7,1,4794
83,1,12,0,5628
86,0,12,1,20000
71,1,4,0,6744
82,0,17,1,9000
69,1,16,0,33600
73,0,16,1,100000
75,1,13,1,18000
83,1,9,1,6684
78,1,8,0,13200
89,1,11,0,6000
78,0,12,1,20000
74,0,16,1,20400
79,1,12,0,7356
83,1,11,0,11532
86,0,16,1,36000
71,0,16,1,35000
81,1,12,0,9912
66,1,12,0,21600
82,1,9,0,7884
83,1,12,0,22800
76,1,11,1,20000
75,1,8,0,9216
84,1,6,0,4000
76,0,12,0,14000
81,0,12,1,20400
75,0,16,1,21600
79,0,8,1,21000
78,0,16,1,50000
81,0,7,1,11352
84,0,12,1,45000
73,0,9,0,9132
67,0,12,1,16344
84,1,6,0,6900
78,1,12,0,23353
68,0,9,1,25000
85,1,12,0,6924
80,1,12,1,55000
69,0,2,0,5676
65,0,8,1,13170
82,0,12,0,12300
87,0,8,0,5148
67,1,12,1,50000
86,1,10,0,7248
75,0,16,0,6240
79,1,12,0,8280
70,0,9,1,18000
68,1,12,0,12000
67,0,12,1,40000
87,1,8,0,14400
95,0,14,1,53750
71,0,14,1,35000
86,0,7,0,8400
67,1,14,1,35000
67,0,12,1,12840
74,1,16,0,36000
80,0,5,1,9792
75,1,7,1,17044
82,0,12,1,14400
98,1,1,1,6552
85,0,10,1,11400
67,1,12,1,24000
75,0,8,1,20000
86,0,9,0,11448
81,1,9,0,4000
86,1,14,0,8976
69,1,12,0,10620
99,0,18,1,120000
79,1,12,1,24000
73,0,12,1,34000
90,1,8,0,9000
74,0,14,1,36000
74,0,8,1,9000
78,0,15,1,34000
84,1,8,0,6240
69,0,6,1,7764
70,0,14,1,42000
87,0,16,0,20000
89,1,13,0,25000
76,1,11,0,5976
75,1,13,1,39000
75,0,12,1,52000
72,0,11,1,13170
71,1,4,0,15600
69,1,18,1,22000
87,0,6,0,14008
73,1,9,1,7620
70,1,12,0,7757
73,1,12,0,6012
91,0,16,0,30000
91,1,8,0,5893
92,1,3,0,4000
85,1,8,0,8400
87,1,12,0,5520
82,1,13,1,35000
97,1,12,0,6000
76,0,14,1,43200
94,1,12,1,8700
69,1,1,1,10800
71,1,12,1,35000
79,0,12,1,23200
67,0,17,1,57500
77,1,9,1,12000
93,1,16,0,8400
68,1,14,1,36000
82,1,4,0,4000
82,0,14,1,33000
86,1,10,0,4983
75,1,5,1,10500
71,0,12,1,14400
88,1,8,0,10284
90,0,8,0,8436
77,1,10,0,9288
69,1,11,1,29000
77,0,12,1,30000
79,1,9,1,24000
67,1,12,1,25000
71,1,10,0,10800
77,1,12,1,58000
87,1,8,0,7512
72,0,18,1,42000
85,1,7,0,14256
79,1,11,1,4000
95,1,8,0,9468
82,1,12,1,13200
86,0,12,1,20000
79,0,13,1,24000
79,0,4,0,18000
66,0,12,0,26400
66,0,16,1,41000
65,1,14,0,27000
66,0,14,1,30000
66,1,12,1,4000
65,1,12,1,12600
66,0,8,1,17268
65,1,12,1,27000
65,1,8,1,21600
65,1,12,1,45000
65,0,10,1,14244
65,0,12,0,6240
65,0,12,1,24000
65,1,12,1,16536
65,1,15,1,16800
65,0,8,0,6465
66,1,13,1,25000
66,0,14,1,31000
65,0,16,1,30000
66,0,14,1,50000
65,1,14,0,45000
65,1,14,1,8000
65,0,7,1,13200
66,0,12,1,35000
65,1,10,1,13896
66,0,12,1,13000
66,0,12,0,22000
65,0,16,1,14904
65,0,12,1,20000
66,0,12,0,51392
66,1,14,1,35000
66,0,12,0,10632
66,0,9,1,12000
65,0,16,1,25000
65,1,11,1,10200
66,1,12,1,17000
65,1,11,1,10800
65,0,11,1,4000
65,1,12,0,30522
65,1,12,0,13200
65,1,12,1,37000
65,0,14,1,43200
66,0,12,1,19200
65,1,2,1,5000
65,1,14,1,5640
65,0,14,1,20000
65,1,10,0,4038
66,1,10,0,10200
66,0,12,1,15480
66,1,10,1,19200
65,0,13,1,50000
65,1,12,1,9143
65,1,8,1,10320
65,1,9,1,21600
65,1,14,1,9228
66,0,12,0,20000
66,0,12,1,35000
66,0,12,1,12000
65,0,12,1,19368
66,1,6,1,12000
66,0,8,1,11746
65,0,13,1,16128
66,1,12,0,24000
66,1,12,1,35000
65,1,8,0,5520
65,1,14,0,5520
65,0,16,1,19368
65,1,13,0,8836
65,0,8,1,9048
66,1,14,1,24000
65,0,12,1,45000
65,1,12,1,8824
65,1,12,1,16800
65,0,13,1,13200
66,0,5,1,80000
66,0,16,1,26450
65,0,10,0,10320
65,0,14,0,30120
66,1,13,0,9000
66,0,16,1,40000
65,1,12,0,45000
71,1,8,1,5280
65,0,14,1,16128
65,1,12,1,11220
66,1,10,0,8052
66,0,13,0,41000
66,1,13,0,16800
66,1,13,1,19000
66,0,16,1,175000
66,0,12,1,21000
65,0,7,0,12000
66,1,3,1,12120
66,0,12,1,45000
66,0,14,1,32880
65,1,12,0,29034
65,1,10,1,9228
65,1,12,1,30000
66,1,10,1,24000
66,1,11,0,12000
66,0,18,1,104000
65,1,14,1,58000
65,0,12,1,9792
65,1,12,1,27000
66,1,12,1,29000
66,0,17,1,60000
69,1,8,1,24000
65,1,12,1,7548
65,1,11,1,9360
65,0,12,1,10200
66,0,18,1,36000
66,1,9,0,11460
66,0,12,1,10080
65,1,12,1,16644
66,1,12,0,4879
66,0,12,0,4000
66,0,9,1,8568
66,1,14,1,45000
65,0,8,1,4000
66,1,9,1,10200
66,0,3,0,5820
65,1,8,0,8400
65,1,14,1,55000
65,1,14,1,7405
65,0,12,1,16800
65,1,16,1,45000
65,1,13,0,18000
65,0,14,1,20000
65,0,12,1,7968
65,1,12,1,44400
66,1,13,0,18462
66,1,12,0,18000
66,1,12,1,8400
65,0,12,0,50000
65,1,12,1,10596
65,0,12,1,7968
65,1,12,1,60000
66,0,16,0,17000
66,1,11,1,23000
66,0,14,0,15000
66,1,12,0,18000
65,1,12,0,4000
66,0,12,1,54000
66,0,13,0,60000
65,0,10,1,19368
65,1,12,1,30000
65,1,12,1,18000
65,0,15,1,300000
66,1,12,1,60000
66,0,12,1,25000
65,1,10,0,33000
65,1,17,1,7405
65,1,18,1,26000
65,0,9,1,12204
65,0,12,1,11000
65,1,16,1,19000
65,0,14,1,43200
65,0,11,1,35000
65,1,8,1,10200
65,0,12,1,13200
66,0,18,0,26400
65,0,18,1,45000
66,0,12,0,28000
66,0,10,1,37000
66,1,12,1,25000
66,0,12,1,23700
70,1,12,0,5316
66,1,12,1,30000
65,0,12,1,21600
65,0,16,1,30000
66,1,12,0,20400
65,0,12,1,19368
65,1,15,0,16080
65,1,4,1,16332
66,1,9,0,9636
66,1,12,1,18500
66,0,18,1,120000
66,1,12,1,60000
65,1,12,1,20000
65,1,14,1,9228
65,1,12,0,23000
65,0,13,1,88000
65,0,12,1,16000
66,0,16,1,32000
66,0,11,0,21600
66,0,12,0,15600
66,1,12,0,8400
65,1,1,0,13450
65,1,12,1,11000
66,1,12,0,7356
67,0,12,1,25000
66,1,14,0,11388
66,0,18,0,42000
65,1,9,0,15298
65,1,17,0,34000
66,0,15,1,21000
66,1,10,0,7609
66,1,12,1,22500
65,0,12,1,22200
65,1,13,1,16560
65,1,16,1,34692
66,1,12,1,4000
66,0,12,1,32000
65,0,11,1,16000
65,0,9,0,18000
66,0,12,0,33000
66,0,12,1,36000
66,1,12,0,6648
66,1,18,1,120000
65,1,12,1,35000
65,1,12,1,20000
66,1,10,0,9000
66,1,17,1,72000
65,1,12,1,7368
65,1,10,1,60000
65,1,14,1,12000
66,1,13,1,50000
65,1,14,1,34692
65,0,12,0,7752
66,1,12,1,42500
66,1,10,1,8700
66,0,12,1,36000
66,1,17,1,32700
66,0,8,1,15000
66,0,15,1,30000
65,0,16,1,60000
67,1,12,1,16800
66,1,12,1,18000
65,0,12,0,13413
65,1,12,1,7405
65,0,18,1,10000
66,0,9,1,20400
65,0,18,1,5000
66,1,2,0,6672
65,1,8,1,5856
65,0,16,1,12204
66,0,18,1,72000
72,0,12,1,13200
65,0,12,1,30000
65,1,11,0,5640
65,1,13,1,9600
65,0,18,1,11994
65,0,13,1,22800
65,0,18,1,12204
65,0,8,0,65500
65,1,9,1,8412
66,1,12,0,21600
66,0,13,1,100000
65,0,12,1,6000
66,0,11,1,4000
65,0,14,1,12000
66,0,8,1,8820
65,1,13,0,34692
66,0,12,1,25000
67,0,12,0,5592
66,1,12,0,20302
66,0,18,1,40000
65,1,12,0,36120
65,1,14,1,7788
65,1,18,0,20000
65,0,18,1,19368
66,1,12,1,22000
65,0,12,0,8500
65,1,12,0,14400
65,0,5,1,9276
65,1,12,1,7405
